file_name,group,cycle,mean
ENCFF327IXJ,vanilla,1,31.82411113023215
ENCFF327IXJ,vanilla,2,31.309180967480753
ENCFF327IXJ,vanilla,3,31.640016842188412
ENCFF327IXJ,vanilla,4,31.954531310389967
ENCFF327IXJ,vanilla,5,32.08580192232281
ENCFF327IXJ,vanilla,6,35.41805132776817
ENCFF327IXJ,vanilla,7,35.32947933093913
ENCFF327IXJ,vanilla,8,35.10238738726031
ENCFF327IXJ,vanilla,9,35.12095667579775
ENCFF327IXJ,vanilla,10,35.0650349679942
ENCFF327IXJ,vanilla,11,35.08775118699343
ENCFF327IXJ,vanilla,12,35.14034649205709
ENCFF327IXJ,vanilla,13,34.94982029356753
ENCFF327IXJ,vanilla,14,34.87359105361007
ENCFF327IXJ,vanilla,15,35.02022600129208
ENCFF327IXJ,vanilla,16,34.99057909480995
ENCFF327IXJ,vanilla,17,34.932234876589355
ENCFF327IXJ,vanilla,18,34.846133208451
ENCFF327IXJ,vanilla,19,34.77777183771691
ENCFF327IXJ,vanilla,20,34.881143942877614
ENCFF327IXJ,vanilla,21,34.92513252291469
ENCFF327IXJ,vanilla,22,34.8650624740808
ENCFF327IXJ,vanilla,23,34.79589651504936
ENCFF327IXJ,vanilla,24,34.78589628935839
ENCFF327IXJ,vanilla,25,34.74157382774701
ENCFF327IXJ,vanilla,26,34.792259505116135
ENCFF327IXJ,vanilla,27,34.733337235906305
ENCFF327IXJ,vanilla,28,34.63922114047288
ENCFF327IXJ,vanilla,29,34.74611078041115
ENCFF327IXJ,vanilla,30,34.84521605678385
ENCFF327IXJ,vanilla,31,34.702268899502634
ENCFF327IXJ,vanilla,32,34.656145282917734
ENCFF327IXJ,vanilla,33,34.62030513418738
ENCFF327IXJ,vanilla,34,34.636224951829085
ENCFF327IXJ,vanilla,35,34.68427596927217
ENCFF327IXJ,vanilla,36,34.69023801933607
ENCFF327IXJ,vanilla,37,34.68406776935512
ENCFF327IXJ,vanilla,38,34.73051835572846
ENCFF327IXJ,vanilla,39,34.59335890223914
ENCFF327IXJ,vanilla,40,34.832959767763995
ENCFF327IXJ,vanilla,41,34.92387866853614
ENCFF327IXJ,vanilla,42,34.87772401944328
ENCFF327IXJ,vanilla,43,34.58260472766153
ENCFF327IXJ,vanilla,44,34.609056978505755
ENCFF327IXJ,vanilla,45,34.49118479294264
ENCFF327IXJ,vanilla,46,34.38508845675338
ENCFF327IXJ,vanilla,47,34.28633215503841
ENCFF327IXJ,vanilla,48,34.18308164088617
ENCFF327IXJ,vanilla,49,34.129225851771814
ENCFF327IXJ,vanilla,50,33.86918965658298
ENCFF456WPB,vanilla,1,31.908083097872908
ENCFF456WPB,vanilla,2,31.29249264773753
ENCFF456WPB,vanilla,3,31.650379087011814
ENCFF456WPB,vanilla,4,32.01603395758123
ENCFF456WPB,vanilla,5,32.175340883450936
ENCFF456WPB,vanilla,6,35.568134864979896
ENCFF456WPB,vanilla,7,35.52382049710781
ENCFF456WPB,vanilla,8,35.35301901075853
ENCFF456WPB,vanilla,9,35.37134454099319
ENCFF456WPB,vanilla,10,35.28361576832745
ENCFF456WPB,vanilla,11,35.333137454617244
ENCFF456WPB,vanilla,12,35.386152427079914
ENCFF456WPB,vanilla,13,35.22314180700279
ENCFF456WPB,vanilla,14,35.11679376615319
ENCFF456WPB,vanilla,15,35.286494015630126
ENCFF456WPB,vanilla,16,35.26719945463776
ENCFF456WPB,vanilla,17,35.189128298582624
ENCFF456WPB,vanilla,18,35.112875337165654
ENCFF456WPB,vanilla,19,35.07950939833238
ENCFF456WPB,vanilla,20,35.17699642450566
ENCFF456WPB,vanilla,21,35.216509386794385
ENCFF456WPB,vanilla,22,35.17807634814982
ENCFF456WPB,vanilla,23,35.07266288434321
ENCFF456WPB,vanilla,24,35.066103217560304
ENCFF456WPB,vanilla,25,34.98445528516779
ENCFF456WPB,vanilla,26,35.049232916085494
ENCFF456WPB,vanilla,27,34.99188959555505
ENCFF456WPB,vanilla,28,34.842609982667376
ENCFF456WPB,vanilla,29,35.011827719888416
ENCFF456WPB,vanilla,30,35.09015191043444
ENCFF456WPB,vanilla,31,34.96699286054931
ENCFF456WPB,vanilla,32,34.876393532573026
ENCFF456WPB,vanilla,33,34.869904535967756
ENCFF456WPB,vanilla,34,34.91870461724647
ENCFF456WPB,vanilla,35,34.986754870313014
ENCFF456WPB,vanilla,36,35.03677669634066
ENCFF456WPB,vanilla,37,35.040850407419185
ENCFF456WPB,vanilla,38,35.02795301987611
ENCFF456WPB,vanilla,39,34.94380326704545
ENCFF456WPB,vanilla,40,35.115781467939776
ENCFF456WPB,vanilla,41,35.17060598154948
ENCFF456WPB,vanilla,42,35.10914456073597
ENCFF456WPB,vanilla,43,34.83536829258287
ENCFF456WPB,vanilla,44,34.838352945776585
ENCFF456WPB,vanilla,45,34.75592748118026
ENCFF456WPB,vanilla,46,34.68265388471242
ENCFF456WPB,vanilla,47,34.59575055895143
ENCFF456WPB,vanilla,48,34.398983471190924
ENCFF456WPB,vanilla,49,34.441402243754105
ENCFF456WPB,vanilla,50,34.27935344319207
ENCFF486DIS,vanilla,1,31.97135257472385
ENCFF486DIS,vanilla,2,31.31910351848901
ENCFF486DIS,vanilla,3,31.68216447223653
ENCFF486DIS,vanilla,4,32.077577479735695
ENCFF486DIS,vanilla,5,32.244311332196915
ENCFF486DIS,vanilla,6,35.67171120007426
ENCFF486DIS,vanilla,7,35.75293626152362
ENCFF486DIS,vanilla,8,35.554484715302316
ENCFF486DIS,vanilla,9,35.61925240936117
ENCFF486DIS,vanilla,10,35.611242808755776
ENCFF486DIS,vanilla,11,35.58532570031193
ENCFF486DIS,vanilla,12,35.64841523154657
ENCFF486DIS,vanilla,13,35.495348842242436
ENCFF486DIS,vanilla,14,35.50193330887733
ENCFF486DIS,vanilla,15,35.55772353638358
ENCFF486DIS,vanilla,16,35.4535065127171
ENCFF486DIS,vanilla,17,35.47822493342937
ENCFF486DIS,vanilla,18,35.45697008627776
ENCFF486DIS,vanilla,19,35.473206865014376
ENCFF486DIS,vanilla,20,35.49590797108169
ENCFF486DIS,vanilla,21,35.45986585048159
ENCFF486DIS,vanilla,22,35.527127464296605
ENCFF486DIS,vanilla,23,35.37473465022195
ENCFF486DIS,vanilla,24,35.42017520719031
ENCFF486DIS,vanilla,25,35.392471229494866
ENCFF486DIS,vanilla,26,35.35108360382908
ENCFF486DIS,vanilla,27,35.40264216135384
ENCFF486DIS,vanilla,28,35.33002071609047
ENCFF486DIS,vanilla,29,35.324942378065664
ENCFF486DIS,vanilla,30,35.38017053617793
ENCFF486DIS,vanilla,31,35.282287396834164
ENCFF486DIS,vanilla,32,35.264892909936734
ENCFF486DIS,vanilla,33,35.236939055662255
ENCFF486DIS,vanilla,34,35.2895215613941
ENCFF486DIS,vanilla,35,35.342418471238055
ENCFF486DIS,vanilla,36,35.343052690082985
ENCFF486DIS,vanilla,37,35.340571497047705
ENCFF486DIS,vanilla,38,35.35038993872966
ENCFF486DIS,vanilla,39,35.25943512272911
ENCFF486DIS,vanilla,40,35.43382864978243
ENCFF486DIS,vanilla,41,35.50976555874563
ENCFF486DIS,vanilla,42,35.446806470518965
ENCFF486DIS,vanilla,43,35.22272013263266
ENCFF486DIS,vanilla,44,35.25531319425027
ENCFF486DIS,vanilla,45,35.1547772040481
ENCFF486DIS,vanilla,46,35.099533943246726
ENCFF486DIS,vanilla,47,35.04211702438633
ENCFF486DIS,vanilla,48,34.9601749145463
ENCFF486DIS,vanilla,49,34.9253156497311
ENCFF486DIS,vanilla,50,34.73335581328616
ENCFF505MBD,vanilla,1,31.798758623785282
ENCFF505MBD,vanilla,2,31.231589626573918
ENCFF505MBD,vanilla,3,31.542769203079658
ENCFF505MBD,vanilla,4,31.87101680371609
ENCFF505MBD,vanilla,5,31.991656320230657
ENCFF505MBD,vanilla,6,35.44094458421272
ENCFF505MBD,vanilla,7,35.54936568248782
ENCFF505MBD,vanilla,8,35.243289125107694
ENCFF505MBD,vanilla,9,35.1620210478975
ENCFF505MBD,vanilla,10,34.994623412245154
ENCFF505MBD,vanilla,11,35.132301863753014
ENCFF505MBD,vanilla,12,35.407511360016315
ENCFF505MBD,vanilla,13,35.1177748356954
ENCFF505MBD,vanilla,14,35.36852919220228
ENCFF505MBD,vanilla,15,35.15741265305571
ENCFF505MBD,vanilla,16,35.22932579441672
ENCFF505MBD,vanilla,17,35.199023520147335
ENCFF505MBD,vanilla,18,35.115453587899964
ENCFF505MBD,vanilla,19,34.779598360723604
ENCFF505MBD,vanilla,20,34.97827248437793
ENCFF505MBD,vanilla,21,35.1658992727062
ENCFF505MBD,vanilla,22,35.371862567662205
ENCFF505MBD,vanilla,23,35.14907561911925
ENCFF505MBD,vanilla,24,35.314632685905735
ENCFF505MBD,vanilla,25,35.054429480304584
ENCFF505MBD,vanilla,26,35.278358640519706
ENCFF505MBD,vanilla,27,34.97242142773408
ENCFF505MBD,vanilla,28,35.19403369807698
ENCFF505MBD,vanilla,29,35.090023580722466
ENCFF505MBD,vanilla,30,35.16498944728896
ENCFF505MBD,vanilla,31,34.95279355951245
ENCFF505MBD,vanilla,32,34.8676656697191
ENCFF505MBD,vanilla,33,34.832915372181894
ENCFF505MBD,vanilla,34,34.838853587289854
ENCFF505MBD,vanilla,35,34.97473809971015
ENCFF505MBD,vanilla,36,34.8967385738522
ENCFF505MBD,vanilla,37,34.85522761215007
ENCFF505MBD,vanilla,38,35.04554323909615
ENCFF505MBD,vanilla,39,34.773232306504944
ENCFF505MBD,vanilla,40,35.133667418989475
ENCFF505MBD,vanilla,41,35.22597847360253
ENCFF505MBD,vanilla,42,35.20438757887296
ENCFF505MBD,vanilla,43,34.885519645299915
ENCFF505MBD,vanilla,44,34.935872506341866
ENCFF505MBD,vanilla,45,34.77494333610352
ENCFF505MBD,vanilla,46,34.63897863789624
ENCFF505MBD,vanilla,47,34.5022616531956
ENCFF505MBD,vanilla,48,34.587124363361895
ENCFF505MBD,vanilla,49,34.38449477071005
ENCFF505MBD,vanilla,50,34.11004834680004
ENCFF586YSA,vanilla,1,31.825881071460813
ENCFF586YSA,vanilla,2,31.14737513325727
ENCFF586YSA,vanilla,3,31.556113226816336
ENCFF586YSA,vanilla,4,32.02577651001362
ENCFF586YSA,vanilla,5,32.199945973522894
ENCFF586YSA,vanilla,6,35.593869051488475
ENCFF586YSA,vanilla,7,35.62094339141562
ENCFF586YSA,vanilla,8,35.50091433840191
ENCFF586YSA,vanilla,9,35.36281673653892
ENCFF586YSA,vanilla,10,35.33963588635236
ENCFF586YSA,vanilla,11,35.32060234927888
ENCFF586YSA,vanilla,12,35.43045986133664
ENCFF586YSA,vanilla,13,35.291883325779885
ENCFF586YSA,vanilla,14,35.09697086498181
ENCFF586YSA,vanilla,15,34.897575033519615
ENCFF586YSA,vanilla,16,34.68711273272215
ENCFF586YSA,vanilla,17,34.69506739642226
ENCFF586YSA,vanilla,18,34.67961885606745
ENCFF586YSA,vanilla,19,34.75270092187271
ENCFF586YSA,vanilla,20,34.76094547253757
ENCFF586YSA,vanilla,21,34.69276920380547
ENCFF586YSA,vanilla,22,34.73533274176791
ENCFF586YSA,vanilla,23,34.61154962959016
ENCFF586YSA,vanilla,24,34.63331343327466
ENCFF586YSA,vanilla,25,34.587513819591535
ENCFF586YSA,vanilla,26,34.55947173498727
ENCFF586YSA,vanilla,27,34.60391310649717
ENCFF586YSA,vanilla,28,34.54678171488583
ENCFF586YSA,vanilla,29,34.549646128871984
ENCFF586YSA,vanilla,30,34.59060862710039
ENCFF586YSA,vanilla,31,34.50040921840548
ENCFF586YSA,vanilla,32,34.48816781101575
ENCFF586YSA,vanilla,33,34.45537497981473
ENCFF586YSA,vanilla,34,34.47975764347165
ENCFF586YSA,vanilla,35,34.48379584699022
ENCFF586YSA,vanilla,36,34.3264092767504
ENCFF586YSA,vanilla,37,34.31379988289669
ENCFF586YSA,vanilla,38,34.32161993981285
ENCFF586YSA,vanilla,39,34.237285114396244
ENCFF586YSA,vanilla,40,34.47364474972671
ENCFF586YSA,vanilla,41,34.57932072271439
ENCFF586YSA,vanilla,42,34.512616399838194
ENCFF586YSA,vanilla,43,34.31470216181711
ENCFF586YSA,vanilla,44,34.39106900067786
ENCFF586YSA,vanilla,45,34.35049906728525
ENCFF586YSA,vanilla,46,34.346747534869706
ENCFF586YSA,vanilla,47,34.33063308143182
ENCFF586YSA,vanilla,48,34.261849014832244
ENCFF586YSA,vanilla,49,34.25407880377294
ENCFF586YSA,vanilla,50,34.07193285464466
ENCFF628ABP,vanilla,1,31.858411800576842
ENCFF628ABP,vanilla,2,31.311867622579317
ENCFF628ABP,vanilla,3,31.647978772146683
ENCFF628ABP,vanilla,4,31.96982388133498
ENCFF628ABP,vanilla,5,32.11644321384425
ENCFF628ABP,vanilla,6,35.461522538112895
ENCFF628ABP,vanilla,7,35.45453593737124
ENCFF628ABP,vanilla,8,35.20777374536465
ENCFF628ABP,vanilla,9,35.25385862381541
ENCFF628ABP,vanilla,10,35.16276397198187
ENCFF628ABP,vanilla,11,35.17422503502266
ENCFF628ABP,vanilla,12,35.25814098063453
ENCFF628ABP,vanilla,13,35.085905562422745
ENCFF628ABP,vanilla,14,34.97963180881747
ENCFF628ABP,vanilla,15,35.13438351874743
ENCFF628ABP,vanilla,16,35.08945364647713
ENCFF628ABP,vanilla,17,35.06150341985991
ENCFF628ABP,vanilla,18,34.99414757313556
ENCFF628ABP,vanilla,19,34.94966150803461
ENCFF628ABP,vanilla,20,35.029147029254226
ENCFF628ABP,vanilla,21,35.03634498557891
ENCFF628ABP,vanilla,22,35.017149204779564
ENCFF628ABP,vanilla,23,34.950128652657604
ENCFF628ABP,vanilla,24,34.94133662958385
ENCFF628ABP,vanilla,25,34.861380140090645
ENCFF628ABP,vanilla,26,34.90626795220437
ENCFF628ABP,vanilla,27,34.85691596209312
ENCFF628ABP,vanilla,28,34.785820189534405
ENCFF628ABP,vanilla,29,34.89950918829831
ENCFF628ABP,vanilla,30,34.947772492789454
ENCFF628ABP,vanilla,31,34.8045452657602
ENCFF628ABP,vanilla,32,34.764478681499796
ENCFF628ABP,vanilla,33,34.74547381953028
ENCFF628ABP,vanilla,34,34.77960570251339
ENCFF628ABP,vanilla,35,34.81239456118665
ENCFF628ABP,vanilla,36,34.795512616398845
ENCFF628ABP,vanilla,37,34.78880184590029
ENCFF628ABP,vanilla,38,34.86233381128966
ENCFF628ABP,vanilla,39,34.76212357643181
ENCFF628ABP,vanilla,40,34.99584105480017
ENCFF628ABP,vanilla,41,35.083443790688094
ENCFF628ABP,vanilla,42,35.023926295838486
ENCFF628ABP,vanilla,43,34.71740374124433
ENCFF628ABP,vanilla,44,34.78038612278533
ENCFF628ABP,vanilla,45,34.65082027194067
ENCFF628ABP,vanilla,46,34.47636252163164
ENCFF628ABP,vanilla,47,34.3619686526576
ENCFF628ABP,vanilla,48,34.27552197775031
ENCFF628ABP,vanilla,49,34.16645392665843
ENCFF628ABP,vanilla,50,33.89486582612278
ENCFF683ZDJ,vanilla,1,32.02349327390067
ENCFF683ZDJ,vanilla,2,31.47871277216424
ENCFF683ZDJ,vanilla,3,31.81653333351729
ENCFF683ZDJ,vanilla,4,32.19325956909021
ENCFF683ZDJ,vanilla,5,32.33383134573898
ENCFF683ZDJ,vanilla,6,35.81312669411455
ENCFF683ZDJ,vanilla,7,35.85844829498155
ENCFF683ZDJ,vanilla,8,35.736618640058786
ENCFF683ZDJ,vanilla,9,35.72682797945565
ENCFF683ZDJ,vanilla,10,35.705614651533025
ENCFF683ZDJ,vanilla,11,35.68826412467062
ENCFF683ZDJ,vanilla,12,35.76212540634173
ENCFF683ZDJ,vanilla,13,35.635733789920394
ENCFF683ZDJ,vanilla,14,35.56065889403994
ENCFF683ZDJ,vanilla,15,35.51718677431277
ENCFF683ZDJ,vanilla,16,35.400669290041726
ENCFF683ZDJ,vanilla,17,35.409808217221936
ENCFF683ZDJ,vanilla,18,35.39148828216418
ENCFF683ZDJ,vanilla,19,35.39807718807123
ENCFF683ZDJ,vanilla,20,35.455675142535426
ENCFF683ZDJ,vanilla,21,35.41985118954715
ENCFF683ZDJ,vanilla,22,35.45734026193165
ENCFF683ZDJ,vanilla,23,35.35003862283675
ENCFF683ZDJ,vanilla,24,35.36975394691934
ENCFF683ZDJ,vanilla,25,35.327620476260364
ENCFF683ZDJ,vanilla,26,35.304291213602134
ENCFF683ZDJ,vanilla,27,35.3569265776338
ENCFF683ZDJ,vanilla,28,35.2975439876945
ENCFF683ZDJ,vanilla,29,35.29123843664691
ENCFF683ZDJ,vanilla,30,35.32913451905471
ENCFF683ZDJ,vanilla,31,35.25031288895542
ENCFF683ZDJ,vanilla,32,35.25809592088001
ENCFF683ZDJ,vanilla,33,35.22365545704725
ENCFF683ZDJ,vanilla,34,35.24908823718613
ENCFF683ZDJ,vanilla,35,35.26834101852189
ENCFF683ZDJ,vanilla,36,35.210426596518374
ENCFF683ZDJ,vanilla,37,35.2302053865707
ENCFF683ZDJ,vanilla,38,35.258255103189974
ENCFF683ZDJ,vanilla,39,35.192689927519446
ENCFF683ZDJ,vanilla,40,35.34503481401625
ENCFF683ZDJ,vanilla,41,35.40662543333202
ENCFF683ZDJ,vanilla,42,35.35371171583526
ENCFF683ZDJ,vanilla,43,35.140570569415644
ENCFF683ZDJ,vanilla,44,35.22551856267515
ENCFF683ZDJ,vanilla,45,35.119173224673155
ENCFF683ZDJ,vanilla,46,35.055885925438176
ENCFF683ZDJ,vanilla,47,35.01669430943075
ENCFF683ZDJ,vanilla,48,34.955279083841134
ENCFF683ZDJ,vanilla,49,34.94397696737177
ENCFF683ZDJ,vanilla,50,34.79207237604001
ENCFF689CZI,vanilla,1,31.93993685615897
ENCFF689CZI,vanilla,2,31.30889233511095
ENCFF689CZI,vanilla,3,31.605984299874095
ENCFF689CZI,vanilla,4,31.97441113409416
ENCFF689CZI,vanilla,5,32.10661382591281
ENCFF689CZI,vanilla,6,35.635929963319526
ENCFF689CZI,vanilla,7,35.811936637941066
ENCFF689CZI,vanilla,8,35.54387521493796
ENCFF689CZI,vanilla,9,35.48929820558765
ENCFF689CZI,vanilla,10,35.39519514417725
ENCFF689CZI,vanilla,11,35.50549124897284
ENCFF689CZI,vanilla,12,35.75029052482147
ENCFF689CZI,vanilla,13,35.48997139003174
ENCFF689CZI,vanilla,14,35.767292397611406
ENCFF689CZI,vanilla,15,35.56195290792405
ENCFF689CZI,vanilla,16,35.62612172082014
ENCFF689CZI,vanilla,17,35.665565644674544
ENCFF689CZI,vanilla,18,35.45668367194911
ENCFF689CZI,vanilla,19,35.429121208927185
ENCFF689CZI,vanilla,20,35.529481283293244
ENCFF689CZI,vanilla,21,35.54585059100435
ENCFF689CZI,vanilla,22,35.72607085766604
ENCFF689CZI,vanilla,23,35.459668305821126
ENCFF689CZI,vanilla,24,35.64225131497783
ENCFF689CZI,vanilla,25,35.47666810316904
ENCFF689CZI,vanilla,26,35.64363845147713
ENCFF689CZI,vanilla,27,35.33440663334989
ENCFF689CZI,vanilla,28,35.53880387235972
ENCFF689CZI,vanilla,29,35.42155385082701
ENCFF689CZI,vanilla,30,35.45767217533453
ENCFF689CZI,vanilla,31,35.377878248937705
ENCFF689CZI,vanilla,32,35.32281054579529
ENCFF689CZI,vanilla,33,35.303041515807976
ENCFF689CZI,vanilla,34,35.30458401396713
ENCFF689CZI,vanilla,35,35.43589426571677
ENCFF689CZI,vanilla,36,35.407937913448436
ENCFF689CZI,vanilla,37,35.37546925373479
ENCFF689CZI,vanilla,38,35.49758277715193
ENCFF689CZI,vanilla,39,35.23932959664822
ENCFF689CZI,vanilla,40,35.53200709623276
ENCFF689CZI,vanilla,41,35.6178524185793
ENCFF689CZI,vanilla,42,35.58567847163263
ENCFF689CZI,vanilla,43,35.242892982352366
ENCFF689CZI,vanilla,44,35.36919282057166
ENCFF689CZI,vanilla,45,35.19070614098092
ENCFF689CZI,vanilla,46,35.16165217637521
ENCFF689CZI,vanilla,47,35.04696918013072
ENCFF689CZI,vanilla,48,35.09814409527109
ENCFF689CZI,vanilla,49,34.91663305191822
ENCFF689CZI,vanilla,50,34.66482930749467
ENCFF779GVO,vanilla,1,31.95843376651667
ENCFF779GVO,vanilla,2,31.41074013588424
ENCFF779GVO,vanilla,3,31.690188865278255
ENCFF779GVO,vanilla,4,32.00928396971271
ENCFF779GVO,vanilla,5,32.13380108620519
ENCFF779GVO,vanilla,6,35.663382043665386
ENCFF779GVO,vanilla,7,35.81505216701348
ENCFF779GVO,vanilla,8,35.59029254122666
ENCFF779GVO,vanilla,9,35.5722081180766
ENCFF779GVO,vanilla,10,35.475958333013544
ENCFF779GVO,vanilla,11,35.57698792385035
ENCFF779GVO,vanilla,12,35.790237216905794
ENCFF779GVO,vanilla,13,35.54990317427373
ENCFF779GVO,vanilla,14,35.77647831304584
ENCFF779GVO,vanilla,15,35.597772755188736
ENCFF779GVO,vanilla,16,35.68226775501646
ENCFF779GVO,vanilla,17,35.71962408201716
ENCFF779GVO,vanilla,18,35.55463987018707
ENCFF779GVO,vanilla,19,35.47753445563759
ENCFF779GVO,vanilla,20,35.58997574907057
ENCFF779GVO,vanilla,21,35.6169600722678
ENCFF779GVO,vanilla,22,35.75745608713679
ENCFF779GVO,vanilla,23,35.534648488893254
ENCFF779GVO,vanilla,24,35.70582664055472
ENCFF779GVO,vanilla,25,35.55556673218604
ENCFF779GVO,vanilla,26,35.70604349621621
ENCFF779GVO,vanilla,27,35.42772607406829
ENCFF779GVO,vanilla,28,35.60907570336432
ENCFF779GVO,vanilla,29,35.4800488709054
ENCFF779GVO,vanilla,30,35.514675559926054
ENCFF779GVO,vanilla,31,35.457846149726095
ENCFF779GVO,vanilla,32,35.40603266976263
ENCFF779GVO,vanilla,33,35.3840580715947
ENCFF779GVO,vanilla,34,35.374950297106956
ENCFF779GVO,vanilla,35,35.4664034570189
ENCFF779GVO,vanilla,36,35.44074100624619
ENCFF779GVO,vanilla,37,35.45086676130152
ENCFF779GVO,vanilla,38,35.559419022781114
ENCFF779GVO,vanilla,39,35.36128447135472
ENCFF779GVO,vanilla,40,35.604813869095274
ENCFF779GVO,vanilla,41,35.657760942433804
ENCFF779GVO,vanilla,42,35.62621628184312
ENCFF779GVO,vanilla,43,35.29853349725967
ENCFF779GVO,vanilla,44,35.42875221938216
ENCFF779GVO,vanilla,45,35.26836035075097
ENCFF779GVO,vanilla,46,35.252212605421164
ENCFF779GVO,vanilla,47,35.162832148002686
ENCFF779GVO,vanilla,48,35.19843991293768
ENCFF779GVO,vanilla,49,35.08671303480517
ENCFF779GVO,vanilla,50,34.898475625537955
ENCFF824HJD,vanilla,1,31.67107354401755
ENCFF824HJD,vanilla,2,31.286922184795998
ENCFF824HJD,vanilla,3,31.64810120692123
ENCFF824HJD,vanilla,4,31.956983062774842
ENCFF824HJD,vanilla,5,32.067890941945485
ENCFF824HJD,vanilla,6,35.35617815638976
ENCFF824HJD,vanilla,7,35.126691408549085
ENCFF824HJD,vanilla,8,34.88652197391734
ENCFF824HJD,vanilla,9,34.76763440775011
ENCFF824HJD,vanilla,10,34.71976269238168
ENCFF824HJD,vanilla,11,34.67370194051192
ENCFF824HJD,vanilla,12,34.817299637031766
ENCFF824HJD,vanilla,13,34.58769284953079
ENCFF824HJD,vanilla,14,34.45158169954916
ENCFF824HJD,vanilla,15,34.330899270708485
ENCFF824HJD,vanilla,16,34.138220610978266
ENCFF824HJD,vanilla,17,34.129666014934486
ENCFF824HJD,vanilla,18,34.08088700542016
ENCFF824HJD,vanilla,19,34.120242648708825
ENCFF824HJD,vanilla,20,34.20759156438147
ENCFF824HJD,vanilla,21,34.18756247499525
ENCFF824HJD,vanilla,22,34.230854896496986
ENCFF824HJD,vanilla,23,34.02875716971433
ENCFF824HJD,vanilla,24,34.042805771951954
ENCFF824HJD,vanilla,25,33.950212117835115
ENCFF824HJD,vanilla,26,33.95702934211017
ENCFF824HJD,vanilla,27,34.066327475948654
ENCFF824HJD,vanilla,28,34.006183138372855
ENCFF824HJD,vanilla,29,33.95385604648367
ENCFF824HJD,vanilla,30,33.97840348263379
ENCFF824HJD,vanilla,31,33.84540687291121
ENCFF824HJD,vanilla,32,33.88898194397823
ENCFF824HJD,vanilla,33,33.83801752140693
ENCFF824HJD,vanilla,34,33.84845068755582
ENCFF824HJD,vanilla,35,33.893176841179944
ENCFF824HJD,vanilla,36,33.914437685844405
ENCFF824HJD,vanilla,37,33.96916481226185
ENCFF824HJD,vanilla,38,34.00617150531588
ENCFF824HJD,vanilla,39,33.88149556603505
ENCFF824HJD,vanilla,40,34.066583824689495
ENCFF824HJD,vanilla,41,34.069868898819884
ENCFF824HJD,vanilla,42,33.994719097922186
ENCFF824HJD,vanilla,43,33.73639703657147
ENCFF824HJD,vanilla,44,33.71931599985366
ENCFF824HJD,vanilla,45,33.56100147470072
ENCFF824HJD,vanilla,46,33.50234827585451
ENCFF824HJD,vanilla,47,33.430603335854954
ENCFF824HJD,vanilla,48,33.2797841241817
ENCFF824HJD,vanilla,49,33.167160031918414
ENCFF824HJD,vanilla,50,32.927985645144894
ENCFF881FED,vanilla,1,31.734411227898402
ENCFF881FED,vanilla,2,31.202746265931168
ENCFF881FED,vanilla,3,31.506921176835124
ENCFF881FED,vanilla,4,31.814207674158602
ENCFF881FED,vanilla,5,31.93184941918802
ENCFF881FED,vanilla,6,35.3348454163012
ENCFF881FED,vanilla,7,35.37816352875697
ENCFF881FED,vanilla,8,35.04257105585489
ENCFF881FED,vanilla,9,34.95920989366755
ENCFF881FED,vanilla,10,34.82173409214313
ENCFF881FED,vanilla,11,34.940888988613
ENCFF881FED,vanilla,12,35.22366822177994
ENCFF881FED,vanilla,13,34.90073676041057
ENCFF881FED,vanilla,14,35.14623436266096
ENCFF881FED,vanilla,15,34.949520887181926
ENCFF881FED,vanilla,16,35.01129608637921
ENCFF881FED,vanilla,17,35.011726389427174
ENCFF881FED,vanilla,18,34.876349747986175
ENCFF881FED,vanilla,19,34.668145238449085
ENCFF881FED,vanilla,20,34.835437252976426
ENCFF881FED,vanilla,21,34.967123487261375
ENCFF881FED,vanilla,22,35.14995701826214
ENCFF881FED,vanilla,23,34.904015708489595
ENCFF881FED,vanilla,24,35.077509623538255
ENCFF881FED,vanilla,25,34.82443470515499
ENCFF881FED,vanilla,26,35.02664537492217
ENCFF881FED,vanilla,27,34.71050862208805
ENCFF881FED,vanilla,28,34.91032873015919
ENCFF881FED,vanilla,29,34.80334470770961
ENCFF881FED,vanilla,30,34.834546632514396
ENCFF881FED,vanilla,31,34.74446487493528
ENCFF881FED,vanilla,32,34.698278982075884
ENCFF881FED,vanilla,33,34.6475271173484
ENCFF881FED,vanilla,34,34.64826183794768
ENCFF881FED,vanilla,35,34.76282978163334
ENCFF881FED,vanilla,36,34.72181393618499
ENCFF881FED,vanilla,37,34.706466881721056
ENCFF881FED,vanilla,38,34.88936112139111
ENCFF881FED,vanilla,39,34.65625964660755
ENCFF881FED,vanilla,40,34.98809750686494
ENCFF881FED,vanilla,41,35.061978111853534
ENCFF881FED,vanilla,42,35.03156714815926
ENCFF881FED,vanilla,43,34.59839515418545
ENCFF881FED,vanilla,44,34.73704209879097
ENCFF881FED,vanilla,45,34.536282803322365
ENCFF881FED,vanilla,46,34.451856859642525
ENCFF881FED,vanilla,47,34.31685942883341
ENCFF881FED,vanilla,48,34.36636331758793
ENCFF881FED,vanilla,49,34.1692989945673
ENCFF881FED,vanilla,50,33.91524370402532
ENCFF987SHZ,vanilla,1,31.95982486388587
ENCFF987SHZ,vanilla,2,31.460377350073717
ENCFF987SHZ,vanilla,3,31.777429329574257
ENCFF987SHZ,vanilla,4,32.09007182840884
ENCFF987SHZ,vanilla,5,32.22342077499738
ENCFF987SHZ,vanilla,6,35.62537510845636
ENCFF987SHZ,vanilla,7,35.51930251871546
ENCFF987SHZ,vanilla,8,35.380862758743234
ENCFF987SHZ,vanilla,9,35.426450936089
ENCFF987SHZ,vanilla,10,35.351908497402626
ENCFF987SHZ,vanilla,11,35.38174721247633
ENCFF987SHZ,vanilla,12,35.435313911930834
ENCFF987SHZ,vanilla,13,35.261433103521085
ENCFF987SHZ,vanilla,14,35.17105822926355
ENCFF987SHZ,vanilla,15,35.29659920996929
ENCFF987SHZ,vanilla,16,35.31006735260901
ENCFF987SHZ,vanilla,17,35.25898509380221
ENCFF987SHZ,vanilla,18,35.209041115648866
ENCFF987SHZ,vanilla,19,35.14106918084685
ENCFF987SHZ,vanilla,20,35.23939625772577
ENCFF987SHZ,vanilla,21,35.28058015882398
ENCFF987SHZ,vanilla,22,35.227200074943624
ENCFF987SHZ,vanilla,23,35.14953171386703
ENCFF987SHZ,vanilla,24,35.130045627879625
ENCFF987SHZ,vanilla,25,35.04863186992523
ENCFF987SHZ,vanilla,26,35.13864079922023
ENCFF987SHZ,vanilla,27,35.05098025220612
ENCFF987SHZ,vanilla,28,34.93040636842375
ENCFF987SHZ,vanilla,29,35.06033006421509
ENCFF987SHZ,vanilla,30,35.13020622136176
ENCFF987SHZ,vanilla,31,35.02778520026974
ENCFF987SHZ,vanilla,32,34.98413856838346
ENCFF987SHZ,vanilla,33,34.96776933422849
ENCFF987SHZ,vanilla,34,34.99656612473801
ENCFF987SHZ,vanilla,35,35.001131737956044
ENCFF987SHZ,vanilla,36,34.9547069875265
ENCFF987SHZ,vanilla,37,34.92857694100643
ENCFF987SHZ,vanilla,38,35.02088592584001
ENCFF987SHZ,vanilla,39,34.95888122848066
ENCFF987SHZ,vanilla,40,35.16212283765709
ENCFF987SHZ,vanilla,41,35.22292263780742
ENCFF987SHZ,vanilla,42,35.16653291311372
ENCFF987SHZ,vanilla,43,34.885099973160074
ENCFF987SHZ,vanilla,44,34.89239210683035
ENCFF987SHZ,vanilla,45,34.7224070286414
ENCFF987SHZ,vanilla,46,34.45323376537441
ENCFF987SHZ,vanilla,47,34.26485894910897
ENCFF987SHZ,vanilla,48,34.171954876205476
ENCFF987SHZ,vanilla,49,33.977877801742885
ENCFF987SHZ,vanilla,50,33.58284950829398
filtered_ENCFF327IXJ,trimmed,1,NA
filtered_ENCFF327IXJ,trimmed,2,NA
filtered_ENCFF327IXJ,trimmed,3,NA
filtered_ENCFF327IXJ,trimmed,4,NA
filtered_ENCFF327IXJ,trimmed,5,NA
filtered_ENCFF327IXJ,trimmed,6,35.418050658333776
filtered_ENCFF327IXJ,trimmed,7,35.32947862402366
filtered_ENCFF327IXJ,trimmed,8,35.10238714847383
filtered_ENCFF327IXJ,trimmed,9,35.12095588064159
filtered_ENCFF327IXJ,trimmed,10,35.06503414917361
filtered_ENCFF327IXJ,trimmed,11,35.08775037778568
filtered_ENCFF327IXJ,trimmed,12,35.140345705106135
filtered_ENCFF327IXJ,trimmed,13,34.94983423696743
filtered_ENCFF327IXJ,trimmed,14,34.873591846458986
filtered_ENCFF327IXJ,trimmed,15,35.020228548875586
filtered_ENCFF327IXJ,trimmed,16,34.99057965505096
filtered_ENCFF327IXJ,trimmed,17,34.93223597636845
filtered_ENCFF327IXJ,trimmed,18,34.84613229699759
filtered_ENCFF327IXJ,trimmed,19,34.77777146156262
filtered_ENCFF327IXJ,trimmed,20,34.88114304623973
filtered_ENCFF327IXJ,trimmed,21,34.92513164489148
filtered_ENCFF327IXJ,trimmed,22,34.86506157063771
filtered_ENCFF327IXJ,trimmed,23,34.795895582337245
filtered_ENCFF327IXJ,trimmed,24,34.78589676298362
filtered_ENCFF327IXJ,trimmed,25,34.74157343627479
filtered_ENCFF327IXJ,trimmed,26,34.792258570864945
filtered_ENCFF327IXJ,trimmed,27,34.73333627672094
filtered_ENCFF327IXJ,trimmed,28,34.639220141460335
filtered_ENCFF327IXJ,trimmed,29,34.74611039085883
filtered_ENCFF327IXJ,trimmed,30,34.84521655551147
filtered_ENCFF327IXJ,trimmed,31,34.702267927170055
filtered_ENCFF327IXJ,trimmed,32,34.656144291066994
filtered_ENCFF327IXJ,trimmed,33,34.620304127170144
filtered_ENCFF327IXJ,trimmed,34,34.636223951548644
filtered_ENCFF327IXJ,trimmed,35,34.684274989325516
filtered_ENCFF327IXJ,trimmed,36,34.69023704191238
filtered_ENCFF327IXJ,trimmed,37,34.68407059785704
filtered_ENCFF327IXJ,trimmed,38,34.73051937014702
filtered_ENCFF327IXJ,trimmed,39,34.59335788381904
filtered_ENCFF327IXJ,trimmed,40,34.83295885073597
filtered_ENCFF327IXJ,trimmed,41,34.923877789982335
filtered_ENCFF327IXJ,trimmed,42,34.87772312135817
filtered_ENCFF327IXJ,trimmed,43,34.58260511525972
filtered_ENCFF327IXJ,trimmed,44,NA
filtered_ENCFF327IXJ,trimmed,45,NA
filtered_ENCFF327IXJ,trimmed,46,NA
filtered_ENCFF327IXJ,trimmed,47,NA
filtered_ENCFF327IXJ,trimmed,48,NA
filtered_ENCFF327IXJ,trimmed,49,NA
filtered_ENCFF327IXJ,trimmed,50,NA
filtered_ENCFF456WPB,trimmed,1,NA
filtered_ENCFF456WPB,trimmed,2,NA
filtered_ENCFF456WPB,trimmed,3,NA
filtered_ENCFF456WPB,trimmed,4,NA
filtered_ENCFF456WPB,trimmed,5,NA
filtered_ENCFF456WPB,trimmed,6,35.568134864979896
filtered_ENCFF456WPB,trimmed,7,35.52382049710781
filtered_ENCFF456WPB,trimmed,8,35.35301901075853
filtered_ENCFF456WPB,trimmed,9,35.37134454099319
filtered_ENCFF456WPB,trimmed,10,35.28361576832745
filtered_ENCFF456WPB,trimmed,11,35.333137454617244
filtered_ENCFF456WPB,trimmed,12,35.386152427079914
filtered_ENCFF456WPB,trimmed,13,35.22314180700279
filtered_ENCFF456WPB,trimmed,14,35.11679376615319
filtered_ENCFF456WPB,trimmed,15,35.286494015630126
filtered_ENCFF456WPB,trimmed,16,35.26719945463776
filtered_ENCFF456WPB,trimmed,17,35.189128298582624
filtered_ENCFF456WPB,trimmed,18,35.112875337165654
filtered_ENCFF456WPB,trimmed,19,35.07950939833238
filtered_ENCFF456WPB,trimmed,20,35.17699642450566
filtered_ENCFF456WPB,trimmed,21,35.216509386794385
filtered_ENCFF456WPB,trimmed,22,35.17807634814982
filtered_ENCFF456WPB,trimmed,23,35.07266288434321
filtered_ENCFF456WPB,trimmed,24,35.066103217560304
filtered_ENCFF456WPB,trimmed,25,34.98445528516779
filtered_ENCFF456WPB,trimmed,26,35.049232916085494
filtered_ENCFF456WPB,trimmed,27,34.99188959555505
filtered_ENCFF456WPB,trimmed,28,34.842609982667376
filtered_ENCFF456WPB,trimmed,29,35.011827719888416
filtered_ENCFF456WPB,trimmed,30,35.09015191043444
filtered_ENCFF456WPB,trimmed,31,34.96699286054931
filtered_ENCFF456WPB,trimmed,32,34.876393532573026
filtered_ENCFF456WPB,trimmed,33,34.869904535967756
filtered_ENCFF456WPB,trimmed,34,34.91870461724647
filtered_ENCFF456WPB,trimmed,35,34.986754870313014
filtered_ENCFF456WPB,trimmed,36,35.03677669634066
filtered_ENCFF456WPB,trimmed,37,35.040850407419185
filtered_ENCFF456WPB,trimmed,38,35.02795301987611
filtered_ENCFF456WPB,trimmed,39,34.94380326704545
filtered_ENCFF456WPB,trimmed,40,35.115781467939776
filtered_ENCFF456WPB,trimmed,41,35.17060598154948
filtered_ENCFF456WPB,trimmed,42,35.10914456073597
filtered_ENCFF456WPB,trimmed,43,34.83536829258287
filtered_ENCFF456WPB,trimmed,44,NA
filtered_ENCFF456WPB,trimmed,45,NA
filtered_ENCFF456WPB,trimmed,46,NA
filtered_ENCFF456WPB,trimmed,47,NA
filtered_ENCFF456WPB,trimmed,48,NA
filtered_ENCFF456WPB,trimmed,49,NA
filtered_ENCFF456WPB,trimmed,50,NA
filtered_ENCFF486DIS,trimmed,1,NA
filtered_ENCFF486DIS,trimmed,2,NA
filtered_ENCFF486DIS,trimmed,3,NA
filtered_ENCFF486DIS,trimmed,4,NA
filtered_ENCFF486DIS,trimmed,5,NA
filtered_ENCFF486DIS,trimmed,6,35.67171436850687
filtered_ENCFF486DIS,trimmed,7,35.75293680286204
filtered_ENCFF486DIS,trimmed,8,35.554485096820244
filtered_ENCFF486DIS,trimmed,9,35.619253596804555
filtered_ENCFF486DIS,trimmed,10,35.6112443012632
filtered_ENCFF486DIS,trimmed,11,35.58532711980729
filtered_ENCFF486DIS,trimmed,12,35.64841642173412
filtered_ENCFF486DIS,trimmed,13,35.49534957106242
filtered_ENCFF486DIS,trimmed,14,35.50193434413461
filtered_ENCFF486DIS,trimmed,15,35.55772403582848
filtered_ENCFF486DIS,trimmed,16,35.45350700235541
filtered_ENCFF486DIS,trimmed,17,35.478226201700146
filtered_ENCFF486DIS,trimmed,18,35.4569704115709
filtered_ENCFF486DIS,trimmed,19,35.473206956590964
filtered_ENCFF486DIS,trimmed,20,35.49590782955
filtered_ENCFF486DIS,trimmed,21,35.459865705558414
filtered_ENCFF486DIS,trimmed,22,35.5271273257026
filtered_ENCFF486DIS,trimmed,23,35.37473459138589
filtered_ENCFF486DIS,trimmed,24,35.420175152630094
filtered_ENCFF486DIS,trimmed,25,35.39247140757217
filtered_ENCFF486DIS,trimmed,26,35.351083778011905
filtered_ENCFF486DIS,trimmed,27,35.40264201104604
filtered_ENCFF486DIS,trimmed,28,35.330020794193565
filtered_ENCFF486DIS,trimmed,29,35.324942455690895
filtered_ENCFF486DIS,trimmed,30,35.380170383755605
filtered_ENCFF486DIS,trimmed,31,35.2822879644589
filtered_ENCFF486DIS,trimmed,32,35.264892934862566
filtered_ENCFF486DIS,trimmed,33,35.23693888976217
filtered_ENCFF486DIS,trimmed,34,35.289522129699556
filtered_ENCFF486DIS,trimmed,35,35.342418503458866
filtered_ENCFF486DIS,trimmed,36,35.34305253416795
filtered_ENCFF486DIS,trimmed,37,35.34057143499696
filtered_ENCFF486DIS,trimmed,38,35.35039055981157
filtered_ENCFF486DIS,trimmed,39,35.25943559410573
filtered_ENCFF486DIS,trimmed,40,35.43382913756909
filtered_ENCFF486DIS,trimmed,41,35.50976605367779
filtered_ENCFF486DIS,trimmed,42,35.44680641846469
filtered_ENCFF486DIS,trimmed,43,35.22271996539461
filtered_ENCFF486DIS,trimmed,44,NA
filtered_ENCFF486DIS,trimmed,45,NA
filtered_ENCFF486DIS,trimmed,46,NA
filtered_ENCFF486DIS,trimmed,47,NA
filtered_ENCFF486DIS,trimmed,48,NA
filtered_ENCFF486DIS,trimmed,49,NA
filtered_ENCFF486DIS,trimmed,50,NA
filtered_ENCFF505MBD,trimmed,1,NA
filtered_ENCFF505MBD,trimmed,2,NA
filtered_ENCFF505MBD,trimmed,3,NA
filtered_ENCFF505MBD,trimmed,4,NA
filtered_ENCFF505MBD,trimmed,5,NA
filtered_ENCFF505MBD,trimmed,6,35.44098466085457
filtered_ENCFF505MBD,trimmed,7,35.5493835546816
filtered_ENCFF505MBD,trimmed,8,35.243306085749
filtered_ENCFF505MBD,trimmed,9,35.16204553751942
filtered_ENCFF505MBD,trimmed,10,34.994638549602975
filtered_ENCFF505MBD,trimmed,11,35.13231673031603
filtered_ENCFF505MBD,trimmed,12,35.4075231790042
filtered_ENCFF505MBD,trimmed,13,35.117788922211304
filtered_ENCFF505MBD,trimmed,14,35.36854662977971
filtered_ENCFF505MBD,trimmed,15,35.15743474029416
filtered_ENCFF505MBD,trimmed,16,35.22934404570247
filtered_ENCFF505MBD,trimmed,17,35.199046637787404
filtered_ENCFF505MBD,trimmed,18,35.11547268325171
filtered_ENCFF505MBD,trimmed,19,34.77961955938511
filtered_ENCFF505MBD,trimmed,20,34.978290434793784
filtered_ENCFF505MBD,trimmed,21,35.165915269015464
filtered_ENCFF505MBD,trimmed,22,35.3718794644934
filtered_ENCFF505MBD,trimmed,23,35.14909475476466
filtered_ENCFF505MBD,trimmed,24,35.31464787992774
filtered_ENCFF505MBD,trimmed,25,35.05445231571056
filtered_ENCFF505MBD,trimmed,26,35.27838566642477
filtered_ENCFF505MBD,trimmed,27,34.97244383801449
filtered_ENCFF505MBD,trimmed,28,35.19405256075687
filtered_ENCFF505MBD,trimmed,29,35.09004395297664
filtered_ENCFF505MBD,trimmed,30,35.16501219729693
filtered_ENCFF505MBD,trimmed,31,34.95281420309886
filtered_ENCFF505MBD,trimmed,32,34.867687845508826
filtered_ENCFF505MBD,trimmed,33,34.83293652579191
filtered_ENCFF505MBD,trimmed,34,34.83887518380925
filtered_ENCFF505MBD,trimmed,35,34.97475789800988
filtered_ENCFF505MBD,trimmed,36,34.8967559907625
filtered_ENCFF505MBD,trimmed,37,34.85524824775869
filtered_ENCFF505MBD,trimmed,38,35.04556399383658
filtered_ENCFF505MBD,trimmed,39,34.7732548049157
filtered_ENCFF505MBD,trimmed,40,35.13369220147618
filtered_ENCFF505MBD,trimmed,41,35.22599672087676
filtered_ENCFF505MBD,trimmed,42,35.20440645396126
filtered_ENCFF505MBD,trimmed,43,34.88553911878111
filtered_ENCFF505MBD,trimmed,44,NA
filtered_ENCFF505MBD,trimmed,45,NA
filtered_ENCFF505MBD,trimmed,46,NA
filtered_ENCFF505MBD,trimmed,47,NA
filtered_ENCFF505MBD,trimmed,48,NA
filtered_ENCFF505MBD,trimmed,49,NA
filtered_ENCFF505MBD,trimmed,50,NA
filtered_ENCFF586YSA,trimmed,1,NA
filtered_ENCFF586YSA,trimmed,2,NA
filtered_ENCFF586YSA,trimmed,3,NA
filtered_ENCFF586YSA,trimmed,4,NA
filtered_ENCFF586YSA,trimmed,5,NA
filtered_ENCFF586YSA,trimmed,6,35.593869051488475
filtered_ENCFF586YSA,trimmed,7,35.62094339141562
filtered_ENCFF586YSA,trimmed,8,35.50091433840191
filtered_ENCFF586YSA,trimmed,9,35.36281673653892
filtered_ENCFF586YSA,trimmed,10,35.33963588635236
filtered_ENCFF586YSA,trimmed,11,35.32060234927888
filtered_ENCFF586YSA,trimmed,12,35.43045986133664
filtered_ENCFF586YSA,trimmed,13,35.291883325779885
filtered_ENCFF586YSA,trimmed,14,35.09697086498181
filtered_ENCFF586YSA,trimmed,15,34.897575033519615
filtered_ENCFF586YSA,trimmed,16,34.68711273272215
filtered_ENCFF586YSA,trimmed,17,34.69506739642226
filtered_ENCFF586YSA,trimmed,18,34.67961885606745
filtered_ENCFF586YSA,trimmed,19,34.75270092187271
filtered_ENCFF586YSA,trimmed,20,34.76094547253757
filtered_ENCFF586YSA,trimmed,21,34.69276920380547
filtered_ENCFF586YSA,trimmed,22,34.73533274176791
filtered_ENCFF586YSA,trimmed,23,34.61154962959016
filtered_ENCFF586YSA,trimmed,24,34.63331343327466
filtered_ENCFF586YSA,trimmed,25,34.587513819591535
filtered_ENCFF586YSA,trimmed,26,34.55947173498727
filtered_ENCFF586YSA,trimmed,27,34.60391310649717
filtered_ENCFF586YSA,trimmed,28,34.54678171488583
filtered_ENCFF586YSA,trimmed,29,34.549646128871984
filtered_ENCFF586YSA,trimmed,30,34.59060862710039
filtered_ENCFF586YSA,trimmed,31,34.50040921840548
filtered_ENCFF586YSA,trimmed,32,34.48816781101575
filtered_ENCFF586YSA,trimmed,33,34.45537497981473
filtered_ENCFF586YSA,trimmed,34,34.47975764347165
filtered_ENCFF586YSA,trimmed,35,34.48379584699022
filtered_ENCFF586YSA,trimmed,36,34.3264092767504
filtered_ENCFF586YSA,trimmed,37,34.31379988289669
filtered_ENCFF586YSA,trimmed,38,34.32161993981285
filtered_ENCFF586YSA,trimmed,39,34.237285114396244
filtered_ENCFF586YSA,trimmed,40,34.47364474972671
filtered_ENCFF586YSA,trimmed,41,34.57932072271439
filtered_ENCFF586YSA,trimmed,42,34.512616399838194
filtered_ENCFF586YSA,trimmed,43,34.31470216181711
filtered_ENCFF586YSA,trimmed,44,NA
filtered_ENCFF586YSA,trimmed,45,NA
filtered_ENCFF586YSA,trimmed,46,NA
filtered_ENCFF586YSA,trimmed,47,NA
filtered_ENCFF586YSA,trimmed,48,NA
filtered_ENCFF586YSA,trimmed,49,NA
filtered_ENCFF586YSA,trimmed,50,NA
filtered_ENCFF628ABP,trimmed,1,NA
filtered_ENCFF628ABP,trimmed,2,NA
filtered_ENCFF628ABP,trimmed,3,NA
filtered_ENCFF628ABP,trimmed,4,NA
filtered_ENCFF628ABP,trimmed,5,NA
filtered_ENCFF628ABP,trimmed,6,35.46171376282995
filtered_ENCFF628ABP,trimmed,7,35.454704946596955
filtered_ENCFF628ABP,trimmed,8,35.207941268184754
filtered_ENCFF628ABP,trimmed,9,35.25406784141724
filtered_ENCFF628ABP,trimmed,10,35.162921849793754
filtered_ENCFF628ABP,trimmed,11,35.1743646912934
filtered_ENCFF628ABP,trimmed,12,35.25830039799296
filtered_ENCFF628ABP,trimmed,13,35.08604466724373
filtered_ENCFF628ABP,trimmed,14,34.979751341751154
filtered_ENCFF628ABP,trimmed,15,35.1345174013967
filtered_ENCFF628ABP,trimmed,16,35.0895830270539
filtered_ENCFF628ABP,trimmed,17,35.06164164020302
filtered_ENCFF628ABP,trimmed,18,34.994294533249914
filtered_ENCFF628ABP,trimmed,19,34.94980898051964
filtered_ENCFF628ABP,trimmed,20,35.029281390977815
filtered_ENCFF628ABP,trimmed,21,35.036499850678474
filtered_ENCFF628ABP,trimmed,22,35.01729519052834
filtered_ENCFF628ABP,trimmed,23,34.95028509533833
filtered_ENCFF628ABP,trimmed,24,34.941487585217104
filtered_ENCFF628ABP,trimmed,25,34.86156477093155
filtered_ENCFF628ABP,trimmed,26,34.90646275433279
filtered_ENCFF628ABP,trimmed,27,34.857089212525075
filtered_ENCFF628ABP,trimmed,28,34.786001485963446
filtered_ENCFF628ABP,trimmed,29,34.899669646724384
filtered_ENCFF628ABP,trimmed,30,34.9479310233436
filtered_ENCFF628ABP,trimmed,31,34.804707089179566
filtered_ENCFF628ABP,trimmed,32,34.764656352823366
filtered_ENCFF628ABP,trimmed,33,34.745644591033724
filtered_ENCFF628ABP,trimmed,34,34.77978865565137
filtered_ENCFF628ABP,trimmed,35,34.81257926731586
filtered_ENCFF628ABP,trimmed,36,34.795684904549596
filtered_ENCFF628ABP,trimmed,37,34.788983169848784
filtered_ENCFF628ABP,trimmed,38,34.86253321827115
filtered_ENCFF628ABP,trimmed,39,34.762322190365495
filtered_ENCFF628ABP,trimmed,40,34.99607254718791
filtered_ENCFF628ABP,trimmed,41,35.083666993877486
filtered_ENCFF628ABP,trimmed,42,35.02413985197062
filtered_ENCFF628ABP,trimmed,43,34.717618819390836
filtered_ENCFF628ABP,trimmed,44,NA
filtered_ENCFF628ABP,trimmed,45,NA
filtered_ENCFF628ABP,trimmed,46,NA
filtered_ENCFF628ABP,trimmed,47,NA
filtered_ENCFF628ABP,trimmed,48,NA
filtered_ENCFF628ABP,trimmed,49,NA
filtered_ENCFF628ABP,trimmed,50,NA
filtered_ENCFF683ZDJ,trimmed,1,NA
filtered_ENCFF683ZDJ,trimmed,2,NA
filtered_ENCFF683ZDJ,trimmed,3,NA
filtered_ENCFF683ZDJ,trimmed,4,NA
filtered_ENCFF683ZDJ,trimmed,5,NA
filtered_ENCFF683ZDJ,trimmed,6,35.81312669411455
filtered_ENCFF683ZDJ,trimmed,7,35.85844829498155
filtered_ENCFF683ZDJ,trimmed,8,35.736618640058786
filtered_ENCFF683ZDJ,trimmed,9,35.72682797945565
filtered_ENCFF683ZDJ,trimmed,10,35.705614651533025
filtered_ENCFF683ZDJ,trimmed,11,35.68826412467062
filtered_ENCFF683ZDJ,trimmed,12,35.76212540634173
filtered_ENCFF683ZDJ,trimmed,13,35.635733789920394
filtered_ENCFF683ZDJ,trimmed,14,35.56065889403994
filtered_ENCFF683ZDJ,trimmed,15,35.51718677431277
filtered_ENCFF683ZDJ,trimmed,16,35.400669290041726
filtered_ENCFF683ZDJ,trimmed,17,35.409808217221936
filtered_ENCFF683ZDJ,trimmed,18,35.39148828216418
filtered_ENCFF683ZDJ,trimmed,19,35.39807718807123
filtered_ENCFF683ZDJ,trimmed,20,35.455675142535426
filtered_ENCFF683ZDJ,trimmed,21,35.41985118954715
filtered_ENCFF683ZDJ,trimmed,22,35.45734026193165
filtered_ENCFF683ZDJ,trimmed,23,35.35003862283675
filtered_ENCFF683ZDJ,trimmed,24,35.36975394691934
filtered_ENCFF683ZDJ,trimmed,25,35.327620476260364
filtered_ENCFF683ZDJ,trimmed,26,35.304291213602134
filtered_ENCFF683ZDJ,trimmed,27,35.3569265776338
filtered_ENCFF683ZDJ,trimmed,28,35.2975439876945
filtered_ENCFF683ZDJ,trimmed,29,35.29123843664691
filtered_ENCFF683ZDJ,trimmed,30,35.32913451905471
filtered_ENCFF683ZDJ,trimmed,31,35.25031288895542
filtered_ENCFF683ZDJ,trimmed,32,35.25809592088001
filtered_ENCFF683ZDJ,trimmed,33,35.22365545704725
filtered_ENCFF683ZDJ,trimmed,34,35.24908823718613
filtered_ENCFF683ZDJ,trimmed,35,35.26834101852189
filtered_ENCFF683ZDJ,trimmed,36,35.210426596518374
filtered_ENCFF683ZDJ,trimmed,37,35.2302053865707
filtered_ENCFF683ZDJ,trimmed,38,35.258255103189974
filtered_ENCFF683ZDJ,trimmed,39,35.192689927519446
filtered_ENCFF683ZDJ,trimmed,40,35.34503481401625
filtered_ENCFF683ZDJ,trimmed,41,35.40662543333202
filtered_ENCFF683ZDJ,trimmed,42,35.35371171583526
filtered_ENCFF683ZDJ,trimmed,43,35.140570569415644
filtered_ENCFF683ZDJ,trimmed,44,NA
filtered_ENCFF683ZDJ,trimmed,45,NA
filtered_ENCFF683ZDJ,trimmed,46,NA
filtered_ENCFF683ZDJ,trimmed,47,NA
filtered_ENCFF683ZDJ,trimmed,48,NA
filtered_ENCFF683ZDJ,trimmed,49,NA
filtered_ENCFF683ZDJ,trimmed,50,NA
filtered_ENCFF689CZI,trimmed,1,NA
filtered_ENCFF689CZI,trimmed,2,NA
filtered_ENCFF689CZI,trimmed,3,NA
filtered_ENCFF689CZI,trimmed,4,NA
filtered_ENCFF689CZI,trimmed,5,NA
filtered_ENCFF689CZI,trimmed,6,35.635929963319526
filtered_ENCFF689CZI,trimmed,7,35.811936637941066
filtered_ENCFF689CZI,trimmed,8,35.54387521493796
filtered_ENCFF689CZI,trimmed,9,35.48929820558765
filtered_ENCFF689CZI,trimmed,10,35.39519514417725
filtered_ENCFF689CZI,trimmed,11,35.50549124897284
filtered_ENCFF689CZI,trimmed,12,35.75029052482147
filtered_ENCFF689CZI,trimmed,13,35.48997139003174
filtered_ENCFF689CZI,trimmed,14,35.767292397611406
filtered_ENCFF689CZI,trimmed,15,35.56195290792405
filtered_ENCFF689CZI,trimmed,16,35.62612172082014
filtered_ENCFF689CZI,trimmed,17,35.665565644674544
filtered_ENCFF689CZI,trimmed,18,35.45668367194911
filtered_ENCFF689CZI,trimmed,19,35.429121208927185
filtered_ENCFF689CZI,trimmed,20,35.529481283293244
filtered_ENCFF689CZI,trimmed,21,35.54585059100435
filtered_ENCFF689CZI,trimmed,22,35.72607085766604
filtered_ENCFF689CZI,trimmed,23,35.459668305821126
filtered_ENCFF689CZI,trimmed,24,35.64225131497783
filtered_ENCFF689CZI,trimmed,25,35.47666810316904
filtered_ENCFF689CZI,trimmed,26,35.64363845147713
filtered_ENCFF689CZI,trimmed,27,35.33440663334989
filtered_ENCFF689CZI,trimmed,28,35.53880387235972
filtered_ENCFF689CZI,trimmed,29,35.42155385082701
filtered_ENCFF689CZI,trimmed,30,35.45767217533453
filtered_ENCFF689CZI,trimmed,31,35.377878248937705
filtered_ENCFF689CZI,trimmed,32,35.32281054579529
filtered_ENCFF689CZI,trimmed,33,35.303041515807976
filtered_ENCFF689CZI,trimmed,34,35.30458401396713
filtered_ENCFF689CZI,trimmed,35,35.43589426571677
filtered_ENCFF689CZI,trimmed,36,35.407937913448436
filtered_ENCFF689CZI,trimmed,37,35.37546925373479
filtered_ENCFF689CZI,trimmed,38,35.49758277715193
filtered_ENCFF689CZI,trimmed,39,35.23932959664822
filtered_ENCFF689CZI,trimmed,40,35.53200709623276
filtered_ENCFF689CZI,trimmed,41,35.6178524185793
filtered_ENCFF689CZI,trimmed,42,35.58567847163263
filtered_ENCFF689CZI,trimmed,43,35.242892982352366
filtered_ENCFF689CZI,trimmed,44,NA
filtered_ENCFF689CZI,trimmed,45,NA
filtered_ENCFF689CZI,trimmed,46,NA
filtered_ENCFF689CZI,trimmed,47,NA
filtered_ENCFF689CZI,trimmed,48,NA
filtered_ENCFF689CZI,trimmed,49,NA
filtered_ENCFF689CZI,trimmed,50,NA
filtered_ENCFF779GVO,trimmed,1,NA
filtered_ENCFF779GVO,trimmed,2,NA
filtered_ENCFF779GVO,trimmed,3,NA
filtered_ENCFF779GVO,trimmed,4,NA
filtered_ENCFF779GVO,trimmed,5,NA
filtered_ENCFF779GVO,trimmed,6,35.663388955413446
filtered_ENCFF779GVO,trimmed,7,35.8150581485256
filtered_ENCFF779GVO,trimmed,8,35.59029779615463
filtered_ENCFF779GVO,trimmed,9,35.57221336709838
filtered_ENCFF779GVO,trimmed,10,35.475963550601115
filtered_ENCFF779GVO,trimmed,11,35.57699317443316
filtered_ENCFF779GVO,trimmed,12,35.790246292918205
filtered_ENCFF779GVO,trimmed,13,35.54990906919086
filtered_ENCFF779GVO,trimmed,14,35.77648526173001
filtered_ENCFF779GVO,trimmed,15,35.59778176834419
filtered_ENCFF779GVO,trimmed,16,35.68227369316253
filtered_ENCFF779GVO,trimmed,17,35.719629379183516
filtered_ENCFF779GVO,trimmed,18,35.55464511347123
filtered_ENCFF779GVO,trimmed,19,35.47754538906417
filtered_ENCFF779GVO,trimmed,20,35.589982636844866
filtered_ENCFF779GVO,trimmed,21,35.61696696885491
filtered_ENCFF779GVO,trimmed,22,35.75746302960848
filtered_ENCFF779GVO,trimmed,23,35.53465372564843
filtered_ENCFF779GVO,trimmed,24,35.70583193321497
filtered_ENCFF779GVO,trimmed,25,35.55557197577291
filtered_ENCFF779GVO,trimmed,26,35.706049442127195
filtered_ENCFF779GVO,trimmed,27,35.42773127590369
filtered_ENCFF779GVO,trimmed,28,35.60908096442668
filtered_ENCFF779GVO,trimmed,29,35.4800540898289
filtered_ENCFF779GVO,trimmed,30,35.51468079015828
filtered_ENCFF779GVO,trimmed,31,35.457851361398404
filtered_ENCFF779GVO,trimmed,32,35.4060416202977
filtered_ENCFF779GVO,trimmed,33,35.38406701495308
filtered_ENCFF779GVO,trimmed,34,35.37495548170631
filtered_ENCFF779GVO,trimmed,35,35.466412427270456
filtered_ENCFF779GVO,trimmed,36,35.44074621233214
filtered_ENCFF779GVO,trimmed,37,35.45087197069443
filtered_ENCFF779GVO,trimmed,38,35.559425900575896
filtered_ENCFF779GVO,trimmed,39,35.36128965149096
filtered_ENCFF779GVO,trimmed,40,35.60481912876577
filtered_ENCFF779GVO,trimmed,41,35.65776621939627
filtered_ENCFF779GVO,trimmed,42,35.62622154850342
filtered_ENCFF779GVO,trimmed,43,35.29854437222633
filtered_ENCFF779GVO,trimmed,44,NA
filtered_ENCFF779GVO,trimmed,45,NA
filtered_ENCFF779GVO,trimmed,46,NA
filtered_ENCFF779GVO,trimmed,47,NA
filtered_ENCFF779GVO,trimmed,48,NA
filtered_ENCFF779GVO,trimmed,49,NA
filtered_ENCFF779GVO,trimmed,50,NA
filtered_ENCFF824HJD,trimmed,1,NA
filtered_ENCFF824HJD,trimmed,2,NA
filtered_ENCFF824HJD,trimmed,3,NA
filtered_ENCFF824HJD,trimmed,4,NA
filtered_ENCFF824HJD,trimmed,5,NA
filtered_ENCFF824HJD,trimmed,6,35.35617649240646
filtered_ENCFF824HJD,trimmed,7,35.12669025316285
filtered_ENCFF824HJD,trimmed,8,34.88652998637749
filtered_ENCFF824HJD,trimmed,9,34.767639293517846
filtered_ENCFF824HJD,trimmed,10,34.71976713603625
filtered_ENCFF824HJD,trimmed,11,34.67370307990073
filtered_ENCFF824HJD,trimmed,12,34.8173025242103
filtered_ENCFF824HJD,trimmed,13,34.587764273286396
filtered_ENCFF824HJD,trimmed,14,34.45159120336651
filtered_ENCFF824HJD,trimmed,15,34.33091087035688
filtered_ENCFF824HJD,trimmed,16,34.13822192549432
filtered_ENCFF824HJD,trimmed,17,34.129665118960915
filtered_ENCFF824HJD,trimmed,18,34.080890048825225
filtered_ENCFF824HJD,trimmed,19,34.120241226295484
filtered_ENCFF824HJD,trimmed,20,34.20758856316258
filtered_ENCFF824HJD,trimmed,21,34.18756027285479
filtered_ENCFF824HJD,trimmed,22,34.230851946265275
filtered_ENCFF824HJD,trimmed,23,34.028756221170184
filtered_ENCFF824HJD,trimmed,24,34.04281176661002
filtered_ENCFF824HJD,trimmed,25,33.950211755819915
filtered_ENCFF824HJD,trimmed,26,33.957025623128594
filtered_ENCFF824HJD,trimmed,27,34.0663229849478
filtered_ENCFF824HJD,trimmed,28,34.00617775687195
filtered_ENCFF824HJD,trimmed,29,33.953852826333254
filtered_ENCFF824HJD,trimmed,30,33.97840461546762
filtered_ENCFF824HJD,trimmed,31,33.84540594399935
filtered_ENCFF824HJD,trimmed,32,33.88898009899922
filtered_ENCFF824HJD,trimmed,33,33.83801210852148
filtered_ENCFF824HJD,trimmed,34,33.84844799506352
filtered_ENCFF824HJD,trimmed,35,33.89317205497559
filtered_ENCFF824HJD,trimmed,36,33.91443370491759
filtered_ENCFF824HJD,trimmed,37,33.96916052979418
filtered_ENCFF824HJD,trimmed,38,34.00617109735373
filtered_ENCFF824HJD,trimmed,39,33.881491344312266
filtered_ENCFF824HJD,trimmed,40,34.06657967144129
filtered_ENCFF824HJD,trimmed,41,34.06986331971083
filtered_ENCFF824HJD,trimmed,42,33.994712848318095
filtered_ENCFF824HJD,trimmed,43,33.73640016792102
filtered_ENCFF824HJD,trimmed,44,NA
filtered_ENCFF824HJD,trimmed,45,NA
filtered_ENCFF824HJD,trimmed,46,NA
filtered_ENCFF824HJD,trimmed,47,NA
filtered_ENCFF824HJD,trimmed,48,NA
filtered_ENCFF824HJD,trimmed,49,NA
filtered_ENCFF824HJD,trimmed,50,NA
filtered_ENCFF881FED,trimmed,1,NA
filtered_ENCFF881FED,trimmed,2,NA
filtered_ENCFF881FED,trimmed,3,NA
filtered_ENCFF881FED,trimmed,4,NA
filtered_ENCFF881FED,trimmed,5,NA
filtered_ENCFF881FED,trimmed,6,35.33484428410006
filtered_ENCFF881FED,trimmed,7,35.37816242600944
filtered_ENCFF881FED,trimmed,8,35.04257419308653
filtered_ENCFF881FED,trimmed,9,34.95920889459346
filtered_ENCFF881FED,trimmed,10,34.82173261105833
filtered_ENCFF881FED,trimmed,11,34.94088758854608
filtered_ENCFF881FED,trimmed,12,35.22366701398525
filtered_ENCFF881FED,trimmed,13,34.90075913085719
filtered_ENCFF881FED,trimmed,14,35.14623698757356
filtered_ENCFF881FED,trimmed,15,34.94952454394888
filtered_ENCFF881FED,trimmed,16,35.011295122720476
filtered_ENCFF881FED,trimmed,17,35.01172503752527
filtered_ENCFF881FED,trimmed,18,34.876348304036604
filtered_ENCFF881FED,trimmed,19,34.66814365293345
filtered_ENCFF881FED,trimmed,20,34.835435781208915
filtered_ENCFF881FED,trimmed,21,34.96712210503229
filtered_ENCFF881FED,trimmed,22,35.14995576034843
filtered_ENCFF881FED,trimmed,23,34.90401428335115
filtered_ENCFF881FED,trimmed,24,35.07750831636484
filtered_ENCFF881FED,trimmed,25,34.82443322590644
filtered_ENCFF881FED,trimmed,26,35.026644033164246
filtered_ENCFF881FED,trimmed,27,34.71050706537687
filtered_ENCFF881FED,trimmed,28,34.91032730931321
filtered_ENCFF881FED,trimmed,29,34.80334321412118
filtered_ENCFF881FED,trimmed,30,34.834545160141325
filtered_ENCFF881FED,trimmed,31,34.74446334131224
filtered_ENCFF881FED,trimmed,32,34.69827741704932
filtered_ENCFF881FED,trimmed,33,34.64752551781373
filtered_ENCFF881FED,trimmed,34,34.64826023891258
filtered_ENCFF881FED,trimmed,35,34.762829231836655
filtered_ENCFF881FED,trimmed,36,34.72181238716072
filtered_ENCFF881FED,trimmed,37,34.70646532226175
filtered_ENCFF881FED,trimmed,38,34.889359686288465
filtered_ENCFF881FED,trimmed,39,34.656258053010454
filtered_ENCFF881FED,trimmed,40,34.988096138896864
filtered_ENCFF881FED,trimmed,41,35.061976794119666
filtered_ENCFF881FED,trimmed,42,35.03156678108721
filtered_ENCFF881FED,trimmed,43,34.59839614386041
filtered_ENCFF881FED,trimmed,44,NA
filtered_ENCFF881FED,trimmed,45,NA
filtered_ENCFF881FED,trimmed,46,NA
filtered_ENCFF881FED,trimmed,47,NA
filtered_ENCFF881FED,trimmed,48,NA
filtered_ENCFF881FED,trimmed,49,NA
filtered_ENCFF881FED,trimmed,50,NA
filtered_ENCFF987SHZ,trimmed,1,NA
filtered_ENCFF987SHZ,trimmed,2,NA
filtered_ENCFF987SHZ,trimmed,3,NA
filtered_ENCFF987SHZ,trimmed,4,NA
filtered_ENCFF987SHZ,trimmed,5,NA
filtered_ENCFF987SHZ,trimmed,6,35.62537769247149
filtered_ENCFF987SHZ,trimmed,7,35.519300977480015
filtered_ENCFF987SHZ,trimmed,8,35.380873564025116
filtered_ENCFF987SHZ,trimmed,9,35.42645881486645
filtered_ENCFF987SHZ,trimmed,10,35.351914811611756
filtered_ENCFF987SHZ,trimmed,11,35.38175102988112
filtered_ENCFF987SHZ,trimmed,12,35.43531495983375
filtered_ENCFF987SHZ,trimmed,13,35.26146772484003
filtered_ENCFF987SHZ,trimmed,14,35.171062273458865
filtered_ENCFF987SHZ,trimmed,15,35.29660338483829
filtered_ENCFF987SHZ,trimmed,16,35.310071690194626
filtered_ENCFF987SHZ,trimmed,17,35.2589901217062
filtered_ENCFF987SHZ,trimmed,18,35.20904564547346
filtered_ENCFF987SHZ,trimmed,19,35.14107021987055
filtered_ENCFF987SHZ,trimmed,20,35.23939650690969
filtered_ENCFF987SHZ,trimmed,21,35.280585060508116
filtered_ENCFF987SHZ,trimmed,22,35.227204028878305
filtered_ENCFF987SHZ,trimmed,23,35.149536479144835
filtered_ENCFF987SHZ,trimmed,24,35.130049480687724
filtered_ENCFF987SHZ,trimmed,25,35.04863504319969
filtered_ENCFF987SHZ,trimmed,26,35.138644066183616
filtered_ENCFF987SHZ,trimmed,27,35.050983427924976
filtered_ENCFF987SHZ,trimmed,28,34.930409418639094
filtered_ENCFF987SHZ,trimmed,29,35.06033384445732
filtered_ENCFF987SHZ,trimmed,30,35.13021289959566
filtered_ENCFF987SHZ,trimmed,31,35.027795191945096
filtered_ENCFF987SHZ,trimmed,32,34.98414226931912
filtered_ENCFF987SHZ,trimmed,33,34.96777301812567
filtered_ENCFF987SHZ,trimmed,34,34.99656924381804
filtered_ENCFF987SHZ,trimmed,35,35.00113634876658
filtered_ENCFF987SHZ,trimmed,36,34.954712293503334
filtered_ENCFF987SHZ,trimmed,37,34.92857998931755
filtered_ENCFF987SHZ,trimmed,38,35.02088907023415
filtered_ENCFF987SHZ,trimmed,39,34.958885795313286
filtered_ENCFF987SHZ,trimmed,40,35.162126723853866
filtered_ENCFF987SHZ,trimmed,41,35.222926587289784
filtered_ENCFF987SHZ,trimmed,42,35.16653620910959
filtered_ENCFF987SHZ,trimmed,43,34.88511665641643
filtered_ENCFF987SHZ,trimmed,44,NA
filtered_ENCFF987SHZ,trimmed,45,NA
filtered_ENCFF987SHZ,trimmed,46,NA
filtered_ENCFF987SHZ,trimmed,47,NA
filtered_ENCFF987SHZ,trimmed,48,NA
filtered_ENCFF987SHZ,trimmed,49,NA
filtered_ENCFF987SHZ,trimmed,50,NA
v2_filtered_ENCFF327IXJ,trimmed + filtered,1,NA
v2_filtered_ENCFF327IXJ,trimmed + filtered,2,NA
v2_filtered_ENCFF327IXJ,trimmed + filtered,3,NA
v2_filtered_ENCFF327IXJ,trimmed + filtered,4,NA
v2_filtered_ENCFF327IXJ,trimmed + filtered,5,NA
v2_filtered_ENCFF327IXJ,trimmed + filtered,6,35.84817513482877
v2_filtered_ENCFF327IXJ,trimmed + filtered,7,36.00498621997568
v2_filtered_ENCFF327IXJ,trimmed + filtered,8,35.868278249342616
v2_filtered_ENCFF327IXJ,trimmed + filtered,9,35.92826512216415
v2_filtered_ENCFF327IXJ,trimmed + filtered,10,35.90397749994584
v2_filtered_ENCFF327IXJ,trimmed + filtered,11,35.95258553305303
v2_filtered_ENCFF327IXJ,trimmed + filtered,12,36.031614279934445
v2_filtered_ENCFF327IXJ,trimmed + filtered,13,35.86440801519052
v2_filtered_ENCFF327IXJ,trimmed + filtered,14,35.80455288256328
v2_filtered_ENCFF327IXJ,trimmed + filtered,15,35.961388851969105
v2_filtered_ENCFF327IXJ,trimmed + filtered,16,35.95669977932054
v2_filtered_ENCFF327IXJ,trimmed + filtered,17,35.91743080858618
v2_filtered_ENCFF327IXJ,trimmed + filtered,18,35.84765212625746
v2_filtered_ENCFF327IXJ,trimmed + filtered,19,35.79206259474316
v2_filtered_ENCFF327IXJ,trimmed + filtered,20,35.90834424825239
v2_filtered_ENCFF327IXJ,trimmed + filtered,21,35.96807027548924
v2_filtered_ENCFF327IXJ,trimmed + filtered,22,35.9186451604215
v2_filtered_ENCFF327IXJ,trimmed + filtered,23,35.86815499907196
v2_filtered_ENCFF327IXJ,trimmed + filtered,24,35.87844990974333
v2_filtered_ENCFF327IXJ,trimmed + filtered,25,35.85266615805193
v2_filtered_ENCFF327IXJ,trimmed + filtered,26,35.91971532993307
v2_filtered_ENCFF327IXJ,trimmed + filtered,27,35.87026254942453
v2_filtered_ENCFF327IXJ,trimmed + filtered,28,35.79156798350262
v2_filtered_ENCFF327IXJ,trimmed + filtered,29,35.92099247792766
v2_filtered_ENCFF327IXJ,trimmed + filtered,30,36.03537297405538
v2_filtered_ENCFF327IXJ,trimmed + filtered,31,35.899577816590714
v2_filtered_ENCFF327IXJ,trimmed + filtered,32,35.86142702734985
v2_filtered_ENCFF327IXJ,trimmed + filtered,33,35.83547113513792
v2_filtered_ENCFF327IXJ,trimmed + filtered,34,35.8592038383823
v2_filtered_ENCFF327IXJ,trimmed + filtered,35,35.912936711425154
v2_filtered_ENCFF327IXJ,trimmed + filtered,36,35.92140716678367
v2_filtered_ENCFF327IXJ,trimmed + filtered,37,35.91629008488167
v2_filtered_ENCFF327IXJ,trimmed + filtered,38,35.96506015842783
v2_filtered_ENCFF327IXJ,trimmed + filtered,39,35.822849839013486
v2_filtered_ENCFF327IXJ,trimmed + filtered,40,36.07149320776834
v2_filtered_ENCFF327IXJ,trimmed + filtered,41,36.16584509578097
v2_filtered_ENCFF327IXJ,trimmed + filtered,42,36.11794480027308
v2_filtered_ENCFF327IXJ,trimmed + filtered,43,35.811698031567296
v2_filtered_ENCFF327IXJ,trimmed + filtered,44,NA
v2_filtered_ENCFF327IXJ,trimmed + filtered,45,NA
v2_filtered_ENCFF327IXJ,trimmed + filtered,46,NA
v2_filtered_ENCFF327IXJ,trimmed + filtered,47,NA
v2_filtered_ENCFF327IXJ,trimmed + filtered,48,NA
v2_filtered_ENCFF327IXJ,trimmed + filtered,49,NA
v2_filtered_ENCFF327IXJ,trimmed + filtered,50,NA
v2_filtered_ENCFF456WPB,trimmed + filtered,1,NA
v2_filtered_ENCFF456WPB,trimmed + filtered,2,NA
v2_filtered_ENCFF456WPB,trimmed + filtered,3,NA
v2_filtered_ENCFF456WPB,trimmed + filtered,4,NA
v2_filtered_ENCFF456WPB,trimmed + filtered,5,NA
v2_filtered_ENCFF456WPB,trimmed + filtered,6,35.91528988105961
v2_filtered_ENCFF456WPB,trimmed + filtered,7,36.080074963683266
v2_filtered_ENCFF456WPB,trimmed + filtered,8,35.97593791367608
v2_filtered_ENCFF456WPB,trimmed + filtered,9,36.03193112463704
v2_filtered_ENCFF456WPB,trimmed + filtered,10,35.97184829439441
v2_filtered_ENCFF456WPB,trimmed + filtered,11,36.04015597602352
v2_filtered_ENCFF456WPB,trimmed + filtered,12,36.117630678259374
v2_filtered_ENCFF456WPB,trimmed + filtered,13,35.9768265374083
v2_filtered_ENCFF456WPB,trimmed + filtered,14,35.88590877765897
v2_filtered_ENCFF456WPB,trimmed + filtered,15,36.06163862414538
v2_filtered_ENCFF456WPB,trimmed + filtered,16,36.06212549145338
v2_filtered_ENCFF456WPB,trimmed + filtered,17,36.00112280261051
v2_filtered_ENCFF456WPB,trimmed + filtered,18,35.93673947641106
v2_filtered_ENCFF456WPB,trimmed + filtered,19,35.91446058705026
v2_filtered_ENCFF456WPB,trimmed + filtered,20,36.02186754763317
v2_filtered_ENCFF456WPB,trimmed + filtered,21,36.07826929083628
v2_filtered_ENCFF456WPB,trimmed + filtered,22,36.04809277251596
v2_filtered_ENCFF456WPB,trimmed + filtered,23,35.959614472486045
v2_filtered_ENCFF456WPB,trimmed + filtered,24,35.971858210225534
v2_filtered_ENCFF456WPB,trimmed + filtered,25,35.90864115102968
v2_filtered_ENCFF456WPB,trimmed + filtered,26,35.988747514844825
v2_filtered_ENCFF456WPB,trimmed + filtered,27,35.94166202550682
v2_filtered_ENCFF456WPB,trimmed + filtered,28,35.805291252749576
v2_filtered_ENCFF456WPB,trimmed + filtered,29,35.99445192722441
v2_filtered_ENCFF456WPB,trimmed + filtered,30,36.08568302723714
v2_filtered_ENCFF456WPB,trimmed + filtered,31,35.968766949873825
v2_filtered_ENCFF456WPB,trimmed + filtered,32,35.88358649001063
v2_filtered_ENCFF456WPB,trimmed + filtered,33,35.88599454959816
v2_filtered_ENCFF456WPB,trimmed + filtered,34,35.94229449026844
v2_filtered_ENCFF456WPB,trimmed + filtered,35,36.01541201104624
v2_filtered_ENCFF456WPB,trimmed + filtered,36,36.06904409735363
v2_filtered_ENCFF456WPB,trimmed + filtered,37,36.07403076882397
v2_filtered_ENCFF456WPB,trimmed + filtered,38,36.06122629083463
v2_filtered_ENCFF456WPB,trimmed + filtered,39,35.97454688783377
v2_filtered_ENCFF456WPB,trimmed + filtered,40,36.15192110964761
v2_filtered_ENCFF456WPB,trimmed + filtered,41,36.20846101343099
v2_filtered_ENCFF456WPB,trimmed + filtered,42,36.145080343021654
v2_filtered_ENCFF456WPB,trimmed + filtered,43,35.8627417603575
v2_filtered_ENCFF456WPB,trimmed + filtered,44,NA
v2_filtered_ENCFF456WPB,trimmed + filtered,45,NA
v2_filtered_ENCFF456WPB,trimmed + filtered,46,NA
v2_filtered_ENCFF456WPB,trimmed + filtered,47,NA
v2_filtered_ENCFF456WPB,trimmed + filtered,48,NA
v2_filtered_ENCFF456WPB,trimmed + filtered,49,NA
v2_filtered_ENCFF456WPB,trimmed + filtered,50,NA
v2_filtered_ENCFF486DIS,trimmed + filtered,1,NA
v2_filtered_ENCFF486DIS,trimmed + filtered,2,NA
v2_filtered_ENCFF486DIS,trimmed + filtered,3,NA
v2_filtered_ENCFF486DIS,trimmed + filtered,4,NA
v2_filtered_ENCFF486DIS,trimmed + filtered,5,NA
v2_filtered_ENCFF486DIS,trimmed + filtered,6,35.966718407026185
v2_filtered_ENCFF486DIS,trimmed + filtered,7,36.200884358655756
v2_filtered_ENCFF486DIS,trimmed + filtered,8,36.046812454611974
v2_filtered_ENCFF486DIS,trimmed + filtered,9,36.156023556002665
v2_filtered_ENCFF486DIS,trimmed + filtered,10,36.1717068156318
v2_filtered_ENCFF486DIS,trimmed + filtered,11,36.161306047894044
v2_filtered_ENCFF486DIS,trimmed + filtered,12,36.233910338232455
v2_filtered_ENCFF486DIS,trimmed + filtered,13,36.0933098199892
v2_filtered_ENCFF486DIS,trimmed + filtered,14,36.123809584474536
v2_filtered_ENCFF486DIS,trimmed + filtered,15,36.224178691764166
v2_filtered_ENCFF486DIS,trimmed + filtered,16,36.14372252922049
v2_filtered_ENCFF486DIS,trimmed + filtered,17,36.17734507678318
v2_filtered_ENCFF486DIS,trimmed + filtered,18,36.16445373120039
v2_filtered_ENCFF486DIS,trimmed + filtered,19,36.18702434108372
v2_filtered_ENCFF486DIS,trimmed + filtered,20,36.21633704988553
v2_filtered_ENCFF486DIS,trimmed + filtered,21,36.191821543919396
v2_filtered_ENCFF486DIS,trimmed + filtered,22,36.26485408441689
v2_filtered_ENCFF486DIS,trimmed + filtered,23,36.124956925257955
v2_filtered_ENCFF486DIS,trimmed + filtered,24,36.18518992770296
v2_filtered_ENCFF486DIS,trimmed + filtered,25,36.16981403630733
v2_filtered_ENCFF486DIS,trimmed + filtered,26,36.13817887446236
v2_filtered_ENCFF486DIS,trimmed + filtered,27,36.197741090796995
v2_filtered_ENCFF486DIS,trimmed + filtered,28,36.1346749875897
v2_filtered_ENCFF486DIS,trimmed + filtered,29,36.14395198772593
v2_filtered_ENCFF486DIS,trimmed + filtered,30,36.207751055231654
v2_filtered_ENCFF486DIS,trimmed + filtered,31,36.114750968032595
v2_filtered_ENCFF486DIS,trimmed + filtered,32,36.102611430816864
v2_filtered_ENCFF486DIS,trimmed + filtered,33,36.081018758124245
v2_filtered_ENCFF486DIS,trimmed + filtered,34,36.13890141540912
v2_filtered_ENCFF486DIS,trimmed + filtered,35,36.19535549444061
v2_filtered_ENCFF486DIS,trimmed + filtered,36,36.19752340681845
v2_filtered_ENCFF486DIS,trimmed + filtered,37,36.195722869330595
v2_filtered_ENCFF486DIS,trimmed + filtered,38,36.20614793409411
v2_filtered_ENCFF486DIS,trimmed + filtered,39,36.11292603700647
v2_filtered_ENCFF486DIS,trimmed + filtered,40,36.2917999926747
v2_filtered_ENCFF486DIS,trimmed + filtered,41,36.36968291440387
v2_filtered_ENCFF486DIS,trimmed + filtered,42,36.30510433943915
v2_filtered_ENCFF486DIS,trimmed + filtered,43,36.07526685348594
v2_filtered_ENCFF486DIS,trimmed + filtered,44,NA
v2_filtered_ENCFF486DIS,trimmed + filtered,45,NA
v2_filtered_ENCFF486DIS,trimmed + filtered,46,NA
v2_filtered_ENCFF486DIS,trimmed + filtered,47,NA
v2_filtered_ENCFF486DIS,trimmed + filtered,48,NA
v2_filtered_ENCFF486DIS,trimmed + filtered,49,NA
v2_filtered_ENCFF486DIS,trimmed + filtered,50,NA
v2_filtered_ENCFF505MBD,trimmed + filtered,1,NA
v2_filtered_ENCFF505MBD,trimmed + filtered,2,NA
v2_filtered_ENCFF505MBD,trimmed + filtered,3,NA
v2_filtered_ENCFF505MBD,trimmed + filtered,4,NA
v2_filtered_ENCFF505MBD,trimmed + filtered,5,NA
v2_filtered_ENCFF505MBD,trimmed + filtered,6,35.99073172062109
v2_filtered_ENCFF505MBD,trimmed + filtered,7,36.26405191471637
v2_filtered_ENCFF505MBD,trimmed + filtered,8,36.018066489894025
v2_filtered_ENCFF505MBD,trimmed + filtered,9,35.97053600247398
v2_filtered_ENCFF505MBD,trimmed + filtered,10,35.82511116660927
v2_filtered_ENCFF505MBD,trimmed + filtered,11,35.97400207006111
v2_filtered_ENCFF505MBD,trimmed + filtered,12,36.25978827404147
v2_filtered_ENCFF505MBD,trimmed + filtered,13,35.97603820867587
v2_filtered_ENCFF505MBD,trimmed + filtered,14,36.21754214503771
v2_filtered_ENCFF505MBD,trimmed + filtered,15,36.050163707032254
v2_filtered_ENCFF505MBD,trimmed + filtered,16,36.136596985428426
v2_filtered_ENCFF505MBD,trimmed + filtered,17,36.11999795338035
v2_filtered_ENCFF505MBD,trimmed + filtered,18,36.05221832833549
v2_filtered_ENCFF505MBD,trimmed + filtered,19,35.72813114774791
v2_filtered_ENCFF505MBD,trimmed + filtered,20,35.93029028640053
v2_filtered_ENCFF505MBD,trimmed + filtered,21,36.13146150281388
v2_filtered_ENCFF505MBD,trimmed + filtered,22,36.334725996397225
v2_filtered_ENCFF505MBD,trimmed + filtered,23,36.132023534322805
v2_filtered_ENCFF505MBD,trimmed + filtered,24,36.30792046313109
v2_filtered_ENCFF505MBD,trimmed + filtered,25,36.06882964460946
v2_filtered_ENCFF505MBD,trimmed + filtered,26,36.29610348862999
v2_filtered_ENCFF505MBD,trimmed + filtered,27,35.999733353408836
v2_filtered_ENCFF505MBD,trimmed + filtered,28,36.23600060316676
v2_filtered_ENCFF505MBD,trimmed + filtered,29,36.164983352056446
v2_filtered_ENCFF505MBD,trimmed + filtered,30,36.25711290488358
v2_filtered_ENCFF505MBD,trimmed + filtered,31,36.05440785072479
v2_filtered_ENCFF505MBD,trimmed + filtered,32,35.97580683697187
v2_filtered_ENCFF505MBD,trimmed + filtered,33,35.951586851505574
v2_filtered_ENCFF505MBD,trimmed + filtered,34,35.96448934585708
v2_filtered_ENCFF505MBD,trimmed + filtered,35,36.10703020612255
v2_filtered_ENCFF505MBD,trimmed + filtered,36,36.02804770517137
v2_filtered_ENCFF505MBD,trimmed + filtered,37,35.98595417104691
v2_filtered_ENCFF505MBD,trimmed + filtered,38,36.18321956712642
v2_filtered_ENCFF505MBD,trimmed + filtered,39,35.901612253932306
v2_filtered_ENCFF505MBD,trimmed + filtered,40,36.274466909676455
v2_filtered_ENCFF505MBD,trimmed + filtered,41,36.36994160372034
v2_filtered_ENCFF505MBD,trimmed + filtered,42,36.34760268260445
v2_filtered_ENCFF505MBD,trimmed + filtered,43,36.01776828749326
v2_filtered_ENCFF505MBD,trimmed + filtered,44,NA
v2_filtered_ENCFF505MBD,trimmed + filtered,45,NA
v2_filtered_ENCFF505MBD,trimmed + filtered,46,NA
v2_filtered_ENCFF505MBD,trimmed + filtered,47,NA
v2_filtered_ENCFF505MBD,trimmed + filtered,48,NA
v2_filtered_ENCFF505MBD,trimmed + filtered,49,NA
v2_filtered_ENCFF505MBD,trimmed + filtered,50,NA
v2_filtered_ENCFF586YSA,trimmed + filtered,1,NA
v2_filtered_ENCFF586YSA,trimmed + filtered,2,NA
v2_filtered_ENCFF586YSA,trimmed + filtered,3,NA
v2_filtered_ENCFF586YSA,trimmed + filtered,4,NA
v2_filtered_ENCFF586YSA,trimmed + filtered,5,NA
v2_filtered_ENCFF586YSA,trimmed + filtered,6,35.946173765450006
v2_filtered_ENCFF586YSA,trimmed + filtered,7,36.22199945840345
v2_filtered_ENCFF586YSA,trimmed + filtered,8,36.1017904118068
v2_filtered_ENCFF586YSA,trimmed + filtered,9,36.193366167624134
v2_filtered_ENCFF586YSA,trimmed + filtered,10,36.22144504729298
v2_filtered_ENCFF586YSA,trimmed + filtered,11,36.194312269096116
v2_filtered_ENCFF586YSA,trimmed + filtered,12,36.301622613590204
v2_filtered_ENCFF586YSA,trimmed + filtered,13,36.169602893672995
v2_filtered_ENCFF586YSA,trimmed + filtered,14,36.14202982649568
v2_filtered_ENCFF586YSA,trimmed + filtered,15,36.29260938316022
v2_filtered_ENCFF586YSA,trimmed + filtered,16,36.19051456507863
v2_filtered_ENCFF586YSA,trimmed + filtered,17,36.21308294164297
v2_filtered_ENCFF586YSA,trimmed + filtered,18,36.208984699897485
v2_filtered_ENCFF586YSA,trimmed + filtered,19,36.29365921004275
v2_filtered_ENCFF586YSA,trimmed + filtered,20,36.30761692682644
v2_filtered_ENCFF586YSA,trimmed + filtered,21,36.25922285730865
v2_filtered_ENCFF586YSA,trimmed + filtered,22,36.31272026538231
v2_filtered_ENCFF586YSA,trimmed + filtered,23,36.196148378111765
v2_filtered_ENCFF586YSA,trimmed + filtered,24,36.243753264086344
v2_filtered_ENCFF586YSA,trimmed + filtered,25,36.21357062032148
v2_filtered_ENCFF586YSA,trimmed + filtered,26,36.19561476044024
v2_filtered_ENCFF586YSA,trimmed + filtered,27,36.24586113851332
v2_filtered_ENCFF586YSA,trimmed + filtered,28,36.1977006325074
v2_filtered_ENCFF586YSA,trimmed + filtered,29,36.21910288400162
v2_filtered_ENCFF586YSA,trimmed + filtered,30,36.270985899146986
v2_filtered_ENCFF586YSA,trimmed + filtered,31,36.185939041374105
v2_filtered_ENCFF586YSA,trimmed + filtered,32,36.18037897251398
v2_filtered_ENCFF586YSA,trimmed + filtered,33,36.15275513066017
v2_filtered_ENCFF586YSA,trimmed + filtered,34,36.1828901429428
v2_filtered_ENCFF586YSA,trimmed + filtered,35,36.18933538366313
v2_filtered_ENCFF586YSA,trimmed + filtered,36,36.025364610534055
v2_filtered_ENCFF586YSA,trimmed + filtered,37,36.01267215033173
v2_filtered_ENCFF586YSA,trimmed + filtered,38,36.021244608212925
v2_filtered_ENCFF586YSA,trimmed + filtered,39,35.93255309580456
v2_filtered_ENCFF586YSA,trimmed + filtered,40,36.18135336273429
v2_filtered_ENCFF586YSA,trimmed + filtered,41,36.29258061084354
v2_filtered_ENCFF586YSA,trimmed + filtered,42,36.22237108067854
v2_filtered_ENCFF586YSA,trimmed + filtered,43,36.01403943983443
v2_filtered_ENCFF586YSA,trimmed + filtered,44,NA
v2_filtered_ENCFF586YSA,trimmed + filtered,45,NA
v2_filtered_ENCFF586YSA,trimmed + filtered,46,NA
v2_filtered_ENCFF586YSA,trimmed + filtered,47,NA
v2_filtered_ENCFF586YSA,trimmed + filtered,48,NA
v2_filtered_ENCFF586YSA,trimmed + filtered,49,NA
v2_filtered_ENCFF586YSA,trimmed + filtered,50,NA
v2_filtered_ENCFF628ABP,trimmed + filtered,1,NA
v2_filtered_ENCFF628ABP,trimmed + filtered,2,NA
v2_filtered_ENCFF628ABP,trimmed + filtered,3,NA
v2_filtered_ENCFF628ABP,trimmed + filtered,4,NA
v2_filtered_ENCFF628ABP,trimmed + filtered,5,NA
v2_filtered_ENCFF628ABP,trimmed + filtered,6,35.878128371350655
v2_filtered_ENCFF628ABP,trimmed + filtered,7,36.07422395607539
v2_filtered_ENCFF628ABP,trimmed + filtered,8,35.9083793120048
v2_filtered_ENCFF628ABP,trimmed + filtered,9,35.987198976016266
v2_filtered_ENCFF628ABP,trimmed + filtered,10,35.92632439234036
v2_filtered_ENCFF628ABP,trimmed + filtered,11,35.9592986649673
v2_filtered_ENCFF628ABP,trimmed + filtered,12,36.066071006551404
v2_filtered_ENCFF628ABP,trimmed + filtered,13,35.911907097423146
v2_filtered_ENCFF628ABP,trimmed + filtered,14,35.823656958904145
v2_filtered_ENCFF628ABP,trimmed + filtered,15,35.98446527983565
v2_filtered_ENCFF628ABP,trimmed + filtered,16,35.96091425404501
v2_filtered_ENCFF628ABP,trimmed + filtered,17,35.952303915665894
v2_filtered_ENCFF628ABP,trimmed + filtered,18,35.89984765978233
v2_filtered_ENCFF628ABP,trimmed + filtered,19,35.86695261879667
v2_filtered_ENCFF628ABP,trimmed + filtered,20,35.95833397541419
v2_filtered_ENCFF628ABP,trimmed + filtered,21,35.98340567595841
v2_filtered_ENCFF628ABP,trimmed + filtered,22,35.97168375692714
v2_filtered_ENCFF628ABP,trimmed + filtered,23,35.923352046637845
v2_filtered_ENCFF628ABP,trimmed + filtered,24,35.93441202008093
v2_filtered_ENCFF628ABP,trimmed + filtered,25,35.871570146117605
v2_filtered_ENCFF628ABP,trimmed + filtered,26,35.93154958952964
v2_filtered_ENCFF628ABP,trimmed + filtered,27,35.8922418313337
v2_filtered_ENCFF628ABP,trimmed + filtered,28,35.83544788174002
v2_filtered_ENCFF628ABP,trimmed + filtered,29,35.97046268960193
v2_filtered_ENCFF628ABP,trimmed + filtered,30,36.03286053908336
v2_filtered_ENCFF628ABP,trimmed + filtered,31,35.897183376519806
v2_filtered_ENCFF628ABP,trimmed + filtered,32,35.86521579576183
v2_filtered_ENCFF628ABP,trimmed + filtered,33,35.85514083117401
v2_filtered_ENCFF628ABP,trimmed + filtered,34,35.89671548708572
v2_filtered_ENCFF628ABP,trimmed + filtered,35,35.933636613691476
v2_filtered_ENCFF628ABP,trimmed + filtered,36,35.918139122852544
v2_filtered_ENCFF628ABP,trimmed + filtered,37,35.9123793507342
v2_filtered_ENCFF628ABP,trimmed + filtered,38,35.98894575414545
v2_filtered_ENCFF628ABP,trimmed + filtered,39,35.88540595442831
v2_filtered_ENCFF628ABP,trimmed + filtered,40,36.127173193685636
v2_filtered_ENCFF628ABP,trimmed + filtered,41,36.21777287084056
v2_filtered_ENCFF628ABP,trimmed + filtered,42,36.156201703303005
v2_filtered_ENCFF628ABP,trimmed + filtered,43,35.83917067791056
v2_filtered_ENCFF628ABP,trimmed + filtered,44,NA
v2_filtered_ENCFF628ABP,trimmed + filtered,45,NA
v2_filtered_ENCFF628ABP,trimmed + filtered,46,NA
v2_filtered_ENCFF628ABP,trimmed + filtered,47,NA
v2_filtered_ENCFF628ABP,trimmed + filtered,48,NA
v2_filtered_ENCFF628ABP,trimmed + filtered,49,NA
v2_filtered_ENCFF628ABP,trimmed + filtered,50,NA
v2_filtered_ENCFF683ZDJ,trimmed + filtered,1,NA
v2_filtered_ENCFF683ZDJ,trimmed + filtered,2,NA
v2_filtered_ENCFF683ZDJ,trimmed + filtered,3,NA
v2_filtered_ENCFF683ZDJ,trimmed + filtered,4,NA
v2_filtered_ENCFF683ZDJ,trimmed + filtered,5,NA
v2_filtered_ENCFF683ZDJ,trimmed + filtered,6,36.126805703141336
v2_filtered_ENCFF683ZDJ,trimmed + filtered,7,36.32704955752716
v2_filtered_ENCFF683ZDJ,trimmed + filtered,8,36.21685721235709
v2_filtered_ENCFF683ZDJ,trimmed + filtered,9,36.306141275511
v2_filtered_ENCFF683ZDJ,trimmed + filtered,10,36.31982283304954
v2_filtered_ENCFF683ZDJ,trimmed + filtered,11,36.30751453453223
v2_filtered_ENCFF683ZDJ,trimmed + filtered,12,36.38765734778038
v2_filtered_ENCFF683ZDJ,trimmed + filtered,13,36.264121647669
v2_filtered_ENCFF683ZDJ,trimmed + filtered,14,36.25321203560267
v2_filtered_ENCFF683ZDJ,trimmed + filtered,15,36.35947166424128
v2_filtered_ENCFF683ZDJ,trimmed + filtered,16,36.28742028589677
v2_filtered_ENCFF683ZDJ,trimmed + filtered,17,36.307136857183906
v2_filtered_ENCFF683ZDJ,trimmed + filtered,18,36.29550425260427
v2_filtered_ENCFF683ZDJ,trimmed + filtered,19,36.30888868262442
v2_filtered_ENCFF683ZDJ,trimmed + filtered,20,36.37259915275093
v2_filtered_ENCFF683ZDJ,trimmed + filtered,21,36.35102477876358
v2_filtered_ENCFF683ZDJ,trimmed + filtered,22,36.394373567706666
v2_filtered_ENCFF683ZDJ,trimmed + filtered,23,36.29272643926365
v2_filtered_ENCFF683ZDJ,trimmed + filtered,24,36.330564055074035
v2_filtered_ENCFF683ZDJ,trimmed + filtered,25,36.29976734790841
v2_filtered_ENCFF683ZDJ,trimmed + filtered,26,36.2828646862433
v2_filtered_ENCFF683ZDJ,trimmed + filtered,27,36.340059333040294
v2_filtered_ENCFF683ZDJ,trimmed + filtered,28,36.28723358099294
v2_filtered_ENCFF683ZDJ,trimmed + filtered,29,36.29366707635057
v2_filtered_ENCFF683ZDJ,trimmed + filtered,30,36.33914181179861
v2_filtered_ENCFF683ZDJ,trimmed + filtered,31,36.264045365379715
v2_filtered_ENCFF683ZDJ,trimmed + filtered,32,36.27741414775079
v2_filtered_ENCFF683ZDJ,trimmed + filtered,33,36.2478664074847
v2_filtered_ENCFF683ZDJ,trimmed + filtered,34,36.27739529944621
v2_filtered_ENCFF683ZDJ,trimmed + filtered,35,36.298721267004375
v2_filtered_ENCFF683ZDJ,trimmed + filtered,36,36.24002622403735
v2_filtered_ENCFF683ZDJ,trimmed + filtered,37,36.261192514449185
v2_filtered_ENCFF683ZDJ,trimmed + filtered,38,36.29033270458234
v2_filtered_ENCFF683ZDJ,trimmed + filtered,39,36.22280456370798
v2_filtered_ENCFF683ZDJ,trimmed + filtered,40,36.37988917908165
v2_filtered_ENCFF683ZDJ,trimmed + filtered,41,36.443391250972645
v2_filtered_ENCFF683ZDJ,trimmed + filtered,42,36.388833055231935
v2_filtered_ENCFF683ZDJ,trimmed + filtered,43,36.16907942746675
v2_filtered_ENCFF683ZDJ,trimmed + filtered,44,NA
v2_filtered_ENCFF683ZDJ,trimmed + filtered,45,NA
v2_filtered_ENCFF683ZDJ,trimmed + filtered,46,NA
v2_filtered_ENCFF683ZDJ,trimmed + filtered,47,NA
v2_filtered_ENCFF683ZDJ,trimmed + filtered,48,NA
v2_filtered_ENCFF683ZDJ,trimmed + filtered,49,NA
v2_filtered_ENCFF683ZDJ,trimmed + filtered,50,NA
v2_filtered_ENCFF689CZI,trimmed + filtered,1,NA
v2_filtered_ENCFF689CZI,trimmed + filtered,2,NA
v2_filtered_ENCFF689CZI,trimmed + filtered,3,NA
v2_filtered_ENCFF689CZI,trimmed + filtered,4,NA
v2_filtered_ENCFF689CZI,trimmed + filtered,5,NA
v2_filtered_ENCFF689CZI,trimmed + filtered,6,36.07124029043459
v2_filtered_ENCFF689CZI,trimmed + filtered,7,36.35754989630919
v2_filtered_ENCFF689CZI,trimmed + filtered,8,36.13393617850841
v2_filtered_ENCFF689CZI,trimmed + filtered,9,36.093906646806595
v2_filtered_ENCFF689CZI,trimmed + filtered,10,36.01929167389328
v2_filtered_ENCFF689CZI,trimmed + filtered,11,36.13418653218808
v2_filtered_ENCFF689CZI,trimmed + filtered,12,36.38068245470643
v2_filtered_ENCFF689CZI,trimmed + filtered,13,36.12914449724284
v2_filtered_ENCFF689CZI,trimmed + filtered,14,36.39462504178262
v2_filtered_ENCFF689CZI,trimmed + filtered,15,36.21972555946903
v2_filtered_ENCFF689CZI,trimmed + filtered,16,36.29204737171958
v2_filtered_ENCFF689CZI,trimmed + filtered,17,36.3368270870825
v2_filtered_ENCFF689CZI,trimmed + filtered,18,36.149159415099625
v2_filtered_ENCFF689CZI,trimmed + filtered,19,36.12714668399939
v2_filtered_ENCFF689CZI,trimmed + filtered,20,36.2303186970421
v2_filtered_ENCFF689CZI,trimmed + filtered,21,36.26459967048166
v2_filtered_ENCFF689CZI,trimmed + filtered,22,36.442943909983335
v2_filtered_ENCFF689CZI,trimmed + filtered,23,36.19343158283872
v2_filtered_ENCFF689CZI,trimmed + filtered,24,36.385851110547335
v2_filtered_ENCFF689CZI,trimmed + filtered,25,36.2361089049147
v2_filtered_ENCFF689CZI,trimmed + filtered,26,36.407735396681375
v2_filtered_ENCFF689CZI,trimmed + filtered,27,36.10657071245003
v2_filtered_ENCFF689CZI,trimmed + filtered,28,36.32487060879722
v2_filtered_ENCFF689CZI,trimmed + filtered,29,36.2277882552051
v2_filtered_ENCFF689CZI,trimmed + filtered,30,36.275535581307714
v2_filtered_ENCFF689CZI,trimmed + filtered,31,36.203795799560794
v2_filtered_ENCFF689CZI,trimmed + filtered,32,36.15302355650279
v2_filtered_ENCFF689CZI,trimmed + filtered,33,36.13986927190553
v2_filtered_ENCFF689CZI,trimmed + filtered,34,36.14584371090124
v2_filtered_ENCFF689CZI,trimmed + filtered,35,36.281753837730385
v2_filtered_ENCFF689CZI,trimmed + filtered,36,36.25422511735994
v2_filtered_ENCFF689CZI,trimmed + filtered,37,36.22158626341129
v2_filtered_ENCFF689CZI,trimmed + filtered,38,36.3470906759139
v2_filtered_ENCFF689CZI,trimmed + filtered,39,36.08237578497735
v2_filtered_ENCFF689CZI,trimmed + filtered,40,36.382480836239054
v2_filtered_ENCFF689CZI,trimmed + filtered,41,36.470506983682014
v2_filtered_ENCFF689CZI,trimmed + filtered,42,36.43750939586328
v2_filtered_ENCFF689CZI,trimmed + filtered,43,36.08603380641109
v2_filtered_ENCFF689CZI,trimmed + filtered,44,NA
v2_filtered_ENCFF689CZI,trimmed + filtered,45,NA
v2_filtered_ENCFF689CZI,trimmed + filtered,46,NA
v2_filtered_ENCFF689CZI,trimmed + filtered,47,NA
v2_filtered_ENCFF689CZI,trimmed + filtered,48,NA
v2_filtered_ENCFF689CZI,trimmed + filtered,49,NA
v2_filtered_ENCFF689CZI,trimmed + filtered,50,NA
v2_filtered_ENCFF779GVO,trimmed + filtered,1,NA
v2_filtered_ENCFF779GVO,trimmed + filtered,2,NA
v2_filtered_ENCFF779GVO,trimmed + filtered,3,NA
v2_filtered_ENCFF779GVO,trimmed + filtered,4,NA
v2_filtered_ENCFF779GVO,trimmed + filtered,5,NA
v2_filtered_ENCFF779GVO,trimmed + filtered,6,36.128589896030356
v2_filtered_ENCFF779GVO,trimmed + filtered,7,36.37789027080271
v2_filtered_ENCFF779GVO,trimmed + filtered,8,36.18711224607543
v2_filtered_ENCFF779GVO,trimmed + filtered,9,36.181833156901014
v2_filtered_ENCFF779GVO,trimmed + filtered,10,36.09934778573256
v2_filtered_ENCFF779GVO,trimmed + filtered,11,36.20768709769668
v2_filtered_ENCFF779GVO,trimmed + filtered,12,36.42420099571378
v2_filtered_ENCFF779GVO,trimmed + filtered,13,36.188018823907164
v2_filtered_ENCFF779GVO,trimmed + filtered,14,36.40969876062566
v2_filtered_ENCFF779GVO,trimmed + filtered,15,36.25411973650544
v2_filtered_ENCFF779GVO,trimmed + filtered,16,36.34437916727289
v2_filtered_ENCFF779GVO,trimmed + filtered,17,36.38982512295911
v2_filtered_ENCFF779GVO,trimmed + filtered,18,36.2394541133816
v2_filtered_ENCFF779GVO,trimmed + filtered,19,36.16708358209454
v2_filtered_ENCFF779GVO,trimmed + filtered,20,36.28312102922756
v2_filtered_ENCFF779GVO,trimmed + filtered,21,36.32513282594408
v2_filtered_ENCFF779GVO,trimmed + filtered,22,36.46532812230857
v2_filtered_ENCFF779GVO,trimmed + filtered,23,36.25410719392337
v2_filtered_ENCFF779GVO,trimmed + filtered,24,36.43323884588177
v2_filtered_ENCFF779GVO,trimmed + filtered,25,36.29506875843489
v2_filtered_ENCFF779GVO,trimmed + filtered,26,36.44878378762566
v2_filtered_ENCFF779GVO,trimmed + filtered,27,36.17713788311317
v2_filtered_ENCFF779GVO,trimmed + filtered,28,36.36907534412664
v2_filtered_ENCFF779GVO,trimmed + filtered,29,36.25685903642867
v2_filtered_ENCFF779GVO,trimmed + filtered,30,36.300263394223386
v2_filtered_ENCFF779GVO,trimmed + filtered,31,36.24861053275872
v2_filtered_ENCFF779GVO,trimmed + filtered,32,36.20008395168263
v2_filtered_ENCFF779GVO,trimmed + filtered,33,36.18276264584932
v2_filtered_ENCFF779GVO,trimmed + filtered,34,36.17698519808082
v2_filtered_ENCFF779GVO,trimmed + filtered,35,36.27199308318408
v2_filtered_ENCFF779GVO,trimmed + filtered,36,36.24675774253591
v2_filtered_ENCFF779GVO,trimmed + filtered,37,36.257576806591715
v2_filtered_ENCFF779GVO,trimmed + filtered,38,36.36894222552232
v2_filtered_ENCFF779GVO,trimmed + filtered,39,36.16609589556545
v2_filtered_ENCFF779GVO,trimmed + filtered,40,36.41551216379609
v2_filtered_ENCFF779GVO,trimmed + filtered,41,36.46973474947447
v2_filtered_ENCFF779GVO,trimmed + filtered,42,36.43742522530658
v2_filtered_ENCFF779GVO,trimmed + filtered,43,36.101841251047304
v2_filtered_ENCFF779GVO,trimmed + filtered,44,NA
v2_filtered_ENCFF779GVO,trimmed + filtered,45,NA
v2_filtered_ENCFF779GVO,trimmed + filtered,46,NA
v2_filtered_ENCFF779GVO,trimmed + filtered,47,NA
v2_filtered_ENCFF779GVO,trimmed + filtered,48,NA
v2_filtered_ENCFF779GVO,trimmed + filtered,49,NA
v2_filtered_ENCFF779GVO,trimmed + filtered,50,NA
v2_filtered_ENCFF824HJD,trimmed + filtered,1,NA
v2_filtered_ENCFF824HJD,trimmed + filtered,2,NA
v2_filtered_ENCFF824HJD,trimmed + filtered,3,NA
v2_filtered_ENCFF824HJD,trimmed + filtered,4,NA
v2_filtered_ENCFF824HJD,trimmed + filtered,5,NA
v2_filtered_ENCFF824HJD,trimmed + filtered,6,35.87606754442368
v2_filtered_ENCFF824HJD,trimmed + filtered,7,36.01640142629182
v2_filtered_ENCFF824HJD,trimmed + filtered,8,35.818599665622905
v2_filtered_ENCFF824HJD,trimmed + filtered,9,35.87736291374875
v2_filtered_ENCFF824HJD,trimmed + filtered,10,35.905451090399545
v2_filtered_ENCFF824HJD,trimmed + filtered,11,35.874395927117845
v2_filtered_ENCFF824HJD,trimmed + filtered,12,36.03964656110329
v2_filtered_ENCFF824HJD,trimmed + filtered,13,35.82171638268094
v2_filtered_ENCFF824HJD,trimmed + filtered,14,35.79556299132252
v2_filtered_ENCFF824HJD,trimmed + filtered,15,35.86861856741324
v2_filtered_ENCFF824HJD,trimmed + filtered,16,35.758604158429634
v2_filtered_ENCFF824HJD,trimmed + filtered,17,35.76984341594192
v2_filtered_ENCFF824HJD,trimmed + filtered,18,35.73777679010324
v2_filtered_ENCFF824HJD,trimmed + filtered,19,35.79109923676814
v2_filtered_ENCFF824HJD,trimmed + filtered,20,35.892202048294365
v2_filtered_ENCFF824HJD,trimmed + filtered,21,35.90059964577804
v2_filtered_ENCFF824HJD,trimmed + filtered,22,35.95555536088117
v2_filtered_ENCFF824HJD,trimmed + filtered,23,35.76350771817891
v2_filtered_ENCFF824HJD,trimmed + filtered,24,35.815767212898166
v2_filtered_ENCFF824HJD,trimmed + filtered,25,35.746313927405865
v2_filtered_ENCFF824HJD,trimmed + filtered,26,35.77361876809671
v2_filtered_ENCFF824HJD,trimmed + filtered,27,35.8986469822257
v2_filtered_ENCFF824HJD,trimmed + filtered,28,35.852667047533195
v2_filtered_ENCFF824HJD,trimmed + filtered,29,35.81944039079731
v2_filtered_ENCFF824HJD,trimmed + filtered,30,35.85821306255398
v2_filtered_ENCFF824HJD,trimmed + filtered,31,35.72929498601518
v2_filtered_ENCFF824HJD,trimmed + filtered,32,35.78601242485432
v2_filtered_ENCFF824HJD,trimmed + filtered,33,35.74492684260722
v2_filtered_ENCFF824HJD,trimmed + filtered,34,35.764504162997525
v2_filtered_ENCFF824HJD,trimmed + filtered,35,35.81586929776251
v2_filtered_ENCFF824HJD,trimmed + filtered,36,35.840792575444695
v2_filtered_ENCFF824HJD,trimmed + filtered,37,35.90019380927705
v2_filtered_ENCFF824HJD,trimmed + filtered,38,35.939965875765225
v2_filtered_ENCFF824HJD,trimmed + filtered,39,35.807875212606035
v2_filtered_ENCFF824HJD,trimmed + filtered,40,36.00415285161375
v2_filtered_ENCFF824HJD,trimmed + filtered,41,36.00763187160978
v2_filtered_ENCFF824HJD,trimmed + filtered,42,35.9279381869889
v2_filtered_ENCFF824HJD,trimmed + filtered,43,35.65402027090749
v2_filtered_ENCFF824HJD,trimmed + filtered,44,NA
v2_filtered_ENCFF824HJD,trimmed + filtered,45,NA
v2_filtered_ENCFF824HJD,trimmed + filtered,46,NA
v2_filtered_ENCFF824HJD,trimmed + filtered,47,NA
v2_filtered_ENCFF824HJD,trimmed + filtered,48,NA
v2_filtered_ENCFF824HJD,trimmed + filtered,49,NA
v2_filtered_ENCFF824HJD,trimmed + filtered,50,NA
v2_filtered_ENCFF881FED,trimmed + filtered,1,NA
v2_filtered_ENCFF881FED,trimmed + filtered,2,NA
v2_filtered_ENCFF881FED,trimmed + filtered,3,NA
v2_filtered_ENCFF881FED,trimmed + filtered,4,NA
v2_filtered_ENCFF881FED,trimmed + filtered,5,NA
v2_filtered_ENCFF881FED,trimmed + filtered,6,35.90802463429468
v2_filtered_ENCFF881FED,trimmed + filtered,7,36.14442722724463
v2_filtered_ENCFF881FED,trimmed + filtered,8,35.8814550932002
v2_filtered_ENCFF881FED,trimmed + filtered,9,35.83775009786115
v2_filtered_ENCFF881FED,trimmed + filtered,10,35.7241490062116
v2_filtered_ENCFF881FED,trimmed + filtered,11,35.86131439694498
v2_filtered_ENCFF881FED,trimmed + filtered,12,36.156518762172155
v2_filtered_ENCFF881FED,trimmed + filtered,13,35.84081058366173
v2_filtered_ENCFF881FED,trimmed + filtered,14,36.08155314084636
v2_filtered_ENCFF881FED,trimmed + filtered,15,35.921113984975506
v2_filtered_ENCFF881FED,trimmed + filtered,16,35.999957256629685
v2_filtered_ENCFF881FED,trimmed + filtered,17,36.01651607861433
v2_filtered_ENCFF881FED,trimmed + filtered,18,35.896317688890164
v2_filtered_ENCFF881FED,trimmed + filtered,19,35.702028303974316
v2_filtered_ENCFF881FED,trimmed + filtered,20,35.87455334942191
v2_filtered_ENCFF881FED,trimmed + filtered,21,36.018605463268074
v2_filtered_ENCFF881FED,trimmed + filtered,22,36.203386766914655
v2_filtered_ENCFF881FED,trimmed + filtered,23,35.979437515392405
v2_filtered_ENCFF881FED,trimmed + filtered,24,36.168375309372784
v2_filtered_ENCFF881FED,trimmed + filtered,25,35.93659625872522
v2_filtered_ENCFF881FED,trimmed + filtered,26,36.14826173096335
v2_filtered_ENCFF881FED,trimmed + filtered,27,35.841015429247776
v2_filtered_ENCFF881FED,trimmed + filtered,28,36.06110547864157
v2_filtered_ENCFF881FED,trimmed + filtered,29,35.98370590464378
v2_filtered_ENCFF881FED,trimmed + filtered,30,36.03136698036335
v2_filtered_ENCFF881FED,trimmed + filtered,31,35.95008562283391
v2_filtered_ENCFF881FED,trimmed + filtered,32,35.9106594001593
v2_filtered_ENCFF881FED,trimmed + filtered,33,35.87025118887559
v2_filtered_ENCFF881FED,trimmed + filtered,34,35.87830347530819
v2_filtered_ENCFF881FED,trimmed + filtered,35,35.999497059729926
v2_filtered_ENCFF881FED,trimmed + filtered,36,35.958720791736255
v2_filtered_ENCFF881FED,trimmed + filtered,37,35.94366474197168
v2_filtered_ENCFF881FED,trimmed + filtered,38,36.13389401075661
v2_filtered_ENCFF881FED,trimmed + filtered,39,35.89206129600923
v2_filtered_ENCFF881FED,trimmed + filtered,40,36.236467716103775
v2_filtered_ENCFF881FED,trimmed + filtered,41,36.31313762851112
v2_filtered_ENCFF881FED,trimmed + filtered,42,36.281575177876434
v2_filtered_ENCFF881FED,trimmed + filtered,43,35.83201845384527
v2_filtered_ENCFF881FED,trimmed + filtered,44,NA
v2_filtered_ENCFF881FED,trimmed + filtered,45,NA
v2_filtered_ENCFF881FED,trimmed + filtered,46,NA
v2_filtered_ENCFF881FED,trimmed + filtered,47,NA
v2_filtered_ENCFF881FED,trimmed + filtered,48,NA
v2_filtered_ENCFF881FED,trimmed + filtered,49,NA
v2_filtered_ENCFF881FED,trimmed + filtered,50,NA
v2_filtered_ENCFF987SHZ,trimmed + filtered,1,NA
v2_filtered_ENCFF987SHZ,trimmed + filtered,2,NA
v2_filtered_ENCFF987SHZ,trimmed + filtered,3,NA
v2_filtered_ENCFF987SHZ,trimmed + filtered,4,NA
v2_filtered_ENCFF987SHZ,trimmed + filtered,5,NA
v2_filtered_ENCFF987SHZ,trimmed + filtered,6,35.963126945534604
v2_filtered_ENCFF987SHZ,trimmed + filtered,7,36.063705331674164
v2_filtered_ENCFF987SHZ,trimmed + filtered,8,35.985972623719725
v2_filtered_ENCFF987SHZ,trimmed + filtered,9,36.06755409208385
v2_filtered_ENCFF987SHZ,trimmed + filtered,10,36.018859998085574
v2_filtered_ENCFF987SHZ,trimmed + filtered,11,36.06784110270891
v2_filtered_ENCFF987SHZ,trimmed + filtered,12,36.14415713601991
v2_filtered_ENCFF987SHZ,trimmed + filtered,13,35.99300514980377
v2_filtered_ENCFF987SHZ,trimmed + filtered,14,35.916353249736765
v2_filtered_ENCFF987SHZ,trimmed + filtered,15,36.050074317986024
v2_filtered_ENCFF987SHZ,trimmed + filtered,16,36.082622762515555
v2_filtered_ENCFF987SHZ,trimmed + filtered,17,36.047154283526375
v2_filtered_ENCFF987SHZ,trimmed + filtered,18,36.00787119747296
v2_filtered_ENCFF987SHZ,trimmed + filtered,19,35.94974924858811
v2_filtered_ENCFF987SHZ,trimmed + filtered,20,36.058599023643154
v2_filtered_ENCFF987SHZ,trimmed + filtered,21,36.114092696467885
v2_filtered_ENCFF987SHZ,trimmed + filtered,22,36.067892102996076
v2_filtered_ENCFF987SHZ,trimmed + filtered,23,36.006273801091226
v2_filtered_ENCFF987SHZ,trimmed + filtered,24,36.002658294247155
v2_filtered_ENCFF987SHZ,trimmed + filtered,25,35.93685720302479
v2_filtered_ENCFF987SHZ,trimmed + filtered,26,36.041223241121855
v2_filtered_ENCFF987SHZ,trimmed + filtered,27,35.96268295204365
v2_filtered_ENCFF987SHZ,trimmed + filtered,28,35.85440781085479
v2_filtered_ENCFF987SHZ,trimmed + filtered,29,36.002224562075234
v2_filtered_ENCFF987SHZ,trimmed + filtered,30,36.08477273858524
v2_filtered_ENCFF987SHZ,trimmed + filtered,31,35.98835508758495
v2_filtered_ENCFF987SHZ,trimmed + filtered,32,35.95098887718962
v2_filtered_ENCFF987SHZ,trimmed + filtered,33,35.9433945821767
v2_filtered_ENCFF987SHZ,trimmed + filtered,34,35.97913797262372
v2_filtered_ENCFF987SHZ,trimmed + filtered,35,35.98688220541782
v2_filtered_ENCFF987SHZ,trimmed + filtered,36,35.940886072556715
v2_filtered_ENCFF987SHZ,trimmed + filtered,37,35.914883430649944
v2_filtered_ENCFF987SHZ,trimmed + filtered,38,36.010338202354745
v2_filtered_ENCFF987SHZ,trimmed + filtered,39,35.94657436584666
v2_filtered_ENCFF987SHZ,trimmed + filtered,40,36.15590450847133
v2_filtered_ENCFF987SHZ,trimmed + filtered,41,36.218514329472576
v2_filtered_ENCFF987SHZ,trimmed + filtered,42,36.160435110558055
v2_filtered_ENCFF987SHZ,trimmed + filtered,43,35.870589604671196
v2_filtered_ENCFF987SHZ,trimmed + filtered,44,NA
v2_filtered_ENCFF987SHZ,trimmed + filtered,45,NA
v2_filtered_ENCFF987SHZ,trimmed + filtered,46,NA
v2_filtered_ENCFF987SHZ,trimmed + filtered,47,NA
v2_filtered_ENCFF987SHZ,trimmed + filtered,48,NA
v2_filtered_ENCFF987SHZ,trimmed + filtered,49,NA
v2_filtered_ENCFF987SHZ,trimmed + filtered,50,NA
